ID	NameUA	NameEN	DescriptionUA	DescriptionEN
1	Аналіз впливу на безпеку	Security impact analysis	це процес, який організація повинна завжди проводити, щоб визначити, чи вплинули певні зміни в інформаційних системах на її стан безпеки.	
2	Аналіз загроз	Threat analysis	це стосується процесу дослідження джерел кіберзагроз та їх оцінки щодо вразливостей інформаційної системи. Метою аналізу є виявлення загроз, які загрожують певній інформаційній системі в конкретному середовищі.	
3	Анонімний проксі	Anonymizing proxy	це спосіб приховати вашу активність в Інтернеті та/або зробити її справді важкою для розголошення третіми сторонами, як-от країни, які застосовують інтернет-цензуру. Ці проксі-сервери діють як проміжне з'єднання між вашим комп'ютером і кінцевою метою. З точки зору сторонньої людини, вони отримують доступ до цих веб-сайтів і приховують IP-адресу вашого комп'ютера від подальшої ідентифікації. Зазвичай вони використовуються для вільного доступу до Інтернет-контенту під суворою цензурою.	
4	Антишкідливе програмне забезпечення	Anti-malware	це стосується ряду програм і додатків, які здатні виявляти та видаляти зловмисне програмне забезпечення з окремих систем або великих мереж. Хоча цей термін зазвичай використовується у зв'язку з класичними антивірусними продуктами, засоби захисту від зловмисного програмного забезпечення можуть включати рішення для захисту від шпигунського ПЗ, фішингу та спаму. Останнім часом цей термін поширився для назви спеціалізованого програмного забезпечення, яке бореться зі зловмисним програмним забезпеченням, що викрадає дані, створеним онлайн-злочинцями.	
5	Антиспам	Anti-spam	це спеціальні програми, які борються зі спамом, тобто небажаною електронною поштою. Проблему спаму потрібно вирішувати не лише на індивідуальному рівні кожного користувача, але й на рівні системних адміністраторів, які повинні захистити тисячі комп'ютерів від спаму. Спроби спаму стають ще більшою проблемою для всіх, оскільки це один із основних способів доставки найнебезпечніших зловмисних програм у дикій природі та додаткових загроз фішингу.	
6	Антиспуфінг	Anti-spoofing	методи боротьби зі спуфінгом використовуються, щоб зупинити атаки DDoS (розподілена відмова в обслуговуванні), які вражають багато веб-сайтів.  Для здійснення цих атак хакери «підмінюють» IP-адреси, звідки надсилають велику кількість запитів. Коли сервер веб-сайту намагається відповісти на запити, він зупиняється через очікування доступу до серверів, яких насправді не існує. У цьому випадку знову важко виявити джерело атак, тому єдиним доступним рішенням є використання програмного забезпечення, яке може виявити ці фальшиві IP-адреси та відмовити у з'єднанні.	
7	Антишпигуньске програмне забезпечення	Anti-spyware software	це технологія захисту від шпигунського програмного забезпечення використовується для виявлення та блокування спроб шпигунського програмного забезпечення. Шпигунське програмне забезпечення це тип програмного забезпечення, яке дозволяє рекламодавцям або онлайн-злочинцям виявляти особисті дані з комп'ютера без дозволу користувача. Шпигунське програмне забезпечення може заразити ваш комп'ютер, якщо ви відвідуєте певні веб-сайти за допомогою спливаючих повідомлень із проханням завантажити додаток або програму. Якщо таке програмне забезпечення потрапить на ваш комп'ютер, воно спробує відстежити вашу активність в Інтернеті та надіслати цю інформацію третім особам. Зазвичай шпигунське програмне забезпечення виявляється, коли воно починає використовувати системні ресурси, що, зрештою, впливає на загальну стабільність.	
8	Антивірусне програмне забезпечення	Antivirus software	з'явилося кілька років тому для захисту комп'ютерів від вірусів та інших загроз, які впливали на початкові сучасні комп'ютери. У наш час антивірусні програми захищають користувачів від більш складних онлайн-небезпек, таких як програми-вимагачі, руткіти, трояни, шпигунські програми, фішингові атаки або ботнети. Тим не менш назва «антивірус» збереглася за цими програмними рішеннями, які захищають комп'ютери від великої кількості загроз.	
9	Атака (онлайн)	Attack (online)	бувають різних форм і націлені як на звичайних людей, так і на великі корпорації. Зазвичай вони намагаються викрасти фінансову та комерційну інформацію, розкрити важливі дані, а іноді їх доставляють, щоб просто знищити дані або заблокувати доступ до сервера. Одна з найвідоміших онлайн-атак була застосована в 2014 році проти Sony Pictures, але з тих пір багато інших потрапили в новини.	
10	Атака грубою силою	Brute force attack	це техніка, яку використовують хакери, під час якої тестується велика кількість ключових слів або комбінацій паролів, щоб отримати доступ до сайту чи мережі. Це одна з основних причин, чому користувачі повинні встановлювати надійні паролі.	
11	Атака з приводу	Drive-by attack	це ненавмисне завантаження вірусу або шкідливого програмного забезпечення (зловмисного програмного забезпечення) у вашу систему. Атака з приводу зазвичай використовує (або «використовує») браузер, програму або операційну систему, які застаріли та мають недолік безпеки.	
12	Атака на відмову в обслуговуванні	Denial of service attack (DDoS)	це тип онлайн-атаки, що використовується для запобігання звичайним користувачам доступу до онлайн-локації. У цьому випадку кіберзлочинець може перешкодити законним користувачам отримати доступ до веб-сайту, націлившись на його мережеві ресурси та засипавши веб-сайт величезною кількістю інформаційних запитів.	
13	Атака на ланцюг поставок	Supply chain attack	цей тип атаки має на меті завдати шкоди організації, використовуючи вразливі місця в її мережі постачання. Кіберзлочинці часто маніпулюють апаратним або програмним забезпеченням на стадії виробництва, щоб імплантувати руткіти або зв'язати шпигунські елементи на основі апаратного забезпечення. Пізніше зловмисники можуть використати ці імпланти, щоб атакувати організацію, за якою вони переслідують.	
14	Атака «людина посередині»	Man-in-the-middle Attack (MitM)	за допомогою неї кіберзлочинці можуть змінити веб-трафік жертви та вставити між жертвою та веб-службою, до якої жертва намагається отримати доступ. У цей момент зловмисник може або зібрати інформацію, яка передається через Інтернет, або змінити її. Цей тип атаки часто називають MITM, MitM, MIM, MiM або MITMA.	
15	Атака підслуховування	Eavesdropping attack	це атака, під час якої зловмисник пасивно прослуховує нібито секретні передачі, щоб здійснити атаку.	
16	Атмос	Atmos	це різновид фінансового зловмисного програмного забезпечення, яке виникло з Citadel (яке, у свою чергу, базується на витоку коду ZeuS). Atmos працює з кінця 2015 року, але до квітня 2016 року не було серйозного зростання активності.	
17	Алгоритм блокового шифрування	Block Cipher Algorithm	це алгоритм шифрування, який одночасно працює з порціями даних фіксованого розміру.	
18	Алгоритм генерації домену	Domain generation algorithm (DGA)	це комп'ютерна програма, яка використовується різними сімействами зловмисних програм для створення великої кількості доменів шляхом створення дещо різних варіацій певного доменного імені. Згенеровані домени використовуються для приховування трафіку, що передається між інфікованими машинами/мережами та серверами керування. Таким чином кіберзлочинці можуть замести сліди та зберегти анонімність від правоохоронних органів і приватних організацій кібербезпеки. Наприклад, домени DGA широко використовуються для приховування ботнетів і атак, які вони допомагають запускати.	
19	Аналіз причин	Root cause analysis	це процес, який використовується для визначення основних причин певних ризиків безпеки в організації. Це має бути зроблено з максимальною увагою до деталей і дотримуючись об'єктивної точки зору.	
20	Асиметрична криптографія	Asymmetric Cryptography	це синонім криптографії з відкритим ключем, де ключ, який використовується для дешифрування чогось, відрізняється від того, який використовувався для шифрування.	
21	Архітектор інформаційної безпеки	Information Security Architect	особа в організації, яка розробляє системи та технології для впровадження та підтримки інформаційної безпеки.	
22	Аудит безпеки	Audit	це оцінка діяльності організації за одним або декількома визначеними стандартами. Внутрішні аудити, які часто називають аудитами першої сторони, проводяться як самооцінка самої організації. Зовнішні аудити або аудити третьої сторони проводяться незалежним оцінювачем за межами організації.	
23	Автентифікація	Authentication	зазвичай базується на імені користувача та паролі. Цей процес використовується, щоб надати доступ до онлайн-розташування або ресурсу потрібній особі шляхом підтвердження ідентифікації.	
24	Багаторівневий захист	Multilevel Security (MLS)	це надання різним користувачам різних рівнів дозволів на доступ до систем — тому різні користувачі мають різні рівні доступу.	
25	Багатофакторна автентифікація	Multifactor Authentication	це тип автентифікації, який використовує два або більше факторів для досягнення автентифікації. Ці фактори можуть включати: те, що користувачі знають (пароль або PIN-код), те, що користувач має (маркер автентифікації, SMS із кодом або генератор коду на телефоні/планшеті) та/або щось, чим є користувач (біометричні методи автентифікації, такі як відбитки пальців або сканування сітківки ока).	
26	Базовий рівень безпеки	Baseline security	це набір основних заходів і цілей, яким повинна відповідати будь-яка служба або мережева система. Ця базова методологія зазвичай являє собою набір кроків безпеки, які впроваджуються та встановлюються на рівні ІТ-безпеки організації.	
27	Базування	Baselining	це моніторинг поведінки ваших систем, щоб визначити, що працює нормально, щоб ваші системи безпеки могли попередити вас, якщо виявлять ненормальну поведінку.	
28	Безаварійності	Fail Safe	це автоматична система захисту, яка втручається у разі виявлення збою апаратного чи програмного забезпечення.	
29	Безладний режим	Promiscuous Mode	це мережева карта вашого комп'ютера за нормальної роботи фільтруватиме трафік, який надходить через мережу, і прийматиме лише той трафік, який їй адресований. Якщо його переключити в «безладний режим», він прийматиме все, що надходить, що корисно (скажімо) для аналізу всього трафіку в сегменті мережі з метою діагностики.	
30	Безфайлове шкідливе програмне забезпечення	Fileless Malware	це типи зловмисного коду, який використовується в кібератаках, що не використовує файли для запуску атаки та перенесення інфекції на уражений пристрій або мережу. Інфекція запускається в оперативній пам'яті пристрою, тому традиційні антивірусні та антишкідливі програми взагалі не можуть виявити її. Зловмисні хакери використовують безфайлове зловмисне програмне забезпечення, щоб досягти скритності, підвищення привілеїв, щоб зібрати конфіденційну інформацію та досягти стійкості в системі, тому зараження зловмисним програмним забезпеченням може продовжувати діяти протягом більш тривалого періоду часу.	
31	Білий список	Whitelist	це список електронних адрес або IP-адрес, які вважаються вільними від спаму. Це протилежність чорному списку, який зазвичай включає список заблокованих користувачів. Спамфільтри мають як білі, так і чорні списки відправників, а також ключові слова для пошуку в електронних листах, що дає їм змогу виявити спам.	
32	Безпека інформаційних систем	Information Systems Security (INFOSEC)	це захист інформаційних систем від несанкціонованого доступу або спроб зламати та змінити дані, незалежно від того, чи це збережені дані, оброблені дані чи дані, що передаються. Необхідні заходи для виявлення, документування та протидії цим загрозам також включені в INFOSEC.	
33	Бекдор («задні двері»)	Back Door	це неофіційний засіб доступу до системи чи програми, який офіційно не підтримується та не є частиною прийнятого чи перевіреного дизайну, але який було вставлено одним або декількома розробниками, щоб забезпечити засіб обходу офіційної механізму безпеки.	
34	Бекдор Троян	Backdoor Trojan	це спосіб отримати контроль над системою без дозволу. Зазвичай бекдорний троян представляє себе як законну програму, яка поширюється через фішингові кампанії та змушує користувачів клацати зловмисне посилання або отримувати доступ до зловмисного програмного забезпечення на веб-сайті. Після зараження системи троян може отримати доступ до конфіденційних файлів, надсилати та отримувати дані в Інтернеті та відстежувати історію веб-перегляду. Щоб уникнути такого типу зараження, вам слід оновлювати систему за допомогою останніх виправлень і мати надійний захист від зловмисного програмного забезпечення.	
35	Бомба сповільненої дії	Time Bomb	це тип зловмисного програмного забезпечення, яке залишається в системі бездіяльним певний проміжок часу, доки його не спричинить певна подія. Цей тип поведінки присутній у зловмисному програмному забезпеченні, щоб ускладнити виявлення програмним забезпеченням безпеки.	
36	Бот	Bot	це програма, яка виконує автоматизовані завдання та певні операції. Хоча деякі боти служать нешкідливим цілям у відеоіграх або онлайн-локаціях, існує низка ботів, які можна використовувати у великих мережах, звідки вони можуть розміщувати зловмисну рекламу на популярних сайтах або запускати розподілені онлайн-атаки проти певних цілей.	
37	Ботнет	Botnet	це мережа заражених комп'ютерів, які спілкуються один з одним, щоб виконувати однакові зловмисні дії, як-от запуск спам-кампаній або розподілених атак типу «відмова в обслуговуванні». Інтернет-злочинці можуть дистанційно керувати мережею, щоб служити своїм інтересам, і водночас це дозволяє хакерам уникнути виявлення або судових дій з боку правоохоронних органів.	
38	Брандмауер	Firewall	це система безпеки мережі, призначена для запобігання несанкціонованому доступу до публічних або приватних мереж. Його мета — контролювати вхідну та вихідну комунікацію на основі набору правил.	
39	Вабіти	Wabbit	це один із чотирьох основних класів шкідливих програм серед вірусів, черв'яків і троянських коней. Це форма комп'ютерної програми, яка багаторазово копіюється в локальній системі. Wabbits можна запрограмувати на шкідливі побічні ефекти. Вилка-бомба є прикладом wabbit: це форма DoS-атаки проти комп'ютера, яка використовує функцію fork. Форк-бомба швидко створює велику кількість процесів, зрештою призводячи до збою системи. Wabbits не намагаються поширюватися на інші комп'ютери в мережі.	
40	Вакцина	Vaccine	це цифрове рішення, яке спрямоване на нейтралізацію атак після того, як вони отримають несанкціонований доступ до інформаційної системи. Кібервакцини використовують недоліки в роботі та поширенні деяких штамів зловмисного програмного забезпечення, тому їх розповсюдження та наслідки можна заблокувати. Кібервакцина може навчити інформаційну систему виявляти та зупиняти кібератаки після того, як вони проникнуть у систему/комп'ютер перед тим, як зловмисник зможе завдати будь-якої фактичної шкоди. Це нова концепція, тому для їхнього просування потрібно зробити багато роботи. Їх потенційно можна використовувати для зупинки програм-вимагачів, блокування викрадання даних, перехоплення фішингових атак, блокування експлойтів Zero Day тощо.	
41	Введення коду	Code injection	це техніка впровадження коду, зазвичай використовується онлайн-зловмисниками, щоб змінити хід використання комп'ютерної програми. Цей метод використовується онлайн злочинцями для розповсюдження шкідливого програмного забезпечення шляхом зараження законних веб-сайтів шкідливим кодом.	
42	Введення URL-адреси	URL injection	відбувається, коли кіберзлочинець створює нові сторінки на чужому веб-сайті, які містять спам-слова чи посилання. Іноді ці сторінки також містять шкідливий код, який переспрямовує ваших користувачів на інші веб-сторінки або змушує веб-сервер веб-сайту сприяти DDoS-атаці. Впровадження URL-адреси зазвичай відбувається через уразливості в каталогах сервера або програмному забезпеченні, яке використовується для роботи веб-сайту, наприклад застарілому Wordpress або плагінах.	
43	Взаємна автентифікація	Mutual Authentication	відбувається для двох сторін в обміні даними, які автентифікують одна одну перед передачею.	
44	Викрадення браузера	Browser hijacking	це процес зміни домашньої сторінки або пошукової системи за замовчуванням у вашому веб-браузері зловмисною програмою без вашого дозволу. Користувач може помітити, що внесені зміни не можна скасувати, і для цього типу програмного забезпечення потрібно використовувати інструмент безпеки. Це не вважається серйозною загрозою загальній безпеці системи, але його потрібно швидко вирішити, оскільки це впливає на веб-перегляд.	
45	Витік даних	Data leakage	описує втрату конфіденційної інформації, як правило, від корпорації чи великої компанії, що призводить до несанкціонованого доступу персоналу до цінних активів даних. Конфіденційними даними можуть бути інформація про компанію, фінансові деталі або інші форми даних, які ставлять під загрозу назву компанії або її фінансовий стан.	
46	Викрадення DNS	DNS hijacking	це онлайн-атака, яка скасовує налаштування TCP/IP комп'ютера для спрямування зв'язку на зловмисний сервер, контрольований кіберзлочинцями.	
47	Вихідна фільтрація	Egress Filtering	це фільтрування вихідного мережевого трафіку, щоб, наприклад, дані, позначені як «тільки для внутрішнього використання», не вилучалися з систем організації.	
48	Видалення аномалій	Anomaly-based detection	це нова технологія, яка захищає системи або мережі від зловмисних і кіберзлочинних дій за допомогою виявлення на основі евристики, а не класичних методів на основі сигнатур. Цей тип виявлення все ще новий і забезпечує велику кількість помилкових спрацьовувань. Проблема полягає в тому, що система повинна розпізнавати ненормальні дії та позначати їх як небезпечні, але все ще важко вказати комп'ютеру, що таке нормальне використання системи.	
49	Віддалений доступ	Remote access	трапляється, коли хтось використовує спеціальну програму для доступу до комп'ютера з віддаленого місця. Це норма для людей, які багато подорожують і потребують доступу до мережі своєї компанії. Але кіберзлочинці також можуть використовувати віддалений доступ для керування комп'ютером, який вони раніше зламали.	
50	Відлякувальні програми	Scareware	це тип зловмисного програмного забезпечення (або шахрайського програмного забезпечення), яке використовує соціальну інженерію, щоб залякати й заплутати жертв через шок, тривогу, страх і часові обмеження. Мета полягає в тому, щоб зловмисно переконати жертв придбати небажане програмне забезпечення. Програмне забезпечення може бути фальшивим програмним забезпеченням безпеки, програмою-вимагачем або іншим типом зловмисного програмного забезпечення. Наприклад, зловмисники часто намагаються маніпулювати користувачами тим, що їхній комп'ютер заражений вірусом і що єдиний спосіб позбутися від нього — заплатити, завантажити та встановити підроблений антивірус, який, звичайно, виявляється сама шкідлива програма.	
51	Відстеження домену	Domain shadowing	це зловмисна тактика, яку використовують кіберзлочинці для створення своєї інфраструктури та здійснення атак, залишаючись непоміченими. По-перше, зловмисники викрадають і збирають облікові дані для облікових записів домену. Використовуючи ці викрадені облікові дані, вони входять в обліковий запис домену та створюють субдомени, які перенаправляють трафік на шкідливі сервери, про що власник домену не знає. Тіньове відстеження домену дозволяє кібер-зловмисникам обходити фільтри на основі репутації та пропускати свій шкідливий трафік як безпечний.	
52	Відстеження кукі	Tracking cookie	це тип файлів, що зберігається на комп'ютерах користувачів під час сеансів веб-перегляду. Їх мета полягає в зборі даних про переваги перегляду користувача на певному веб-сайті, щоб потім вони могли надавати цільову рекламу або покращити досвід користувача на цьому веб-сайті, надаючи персоналізовану інформацію.	
53	Вірус	Virus	це різновид шкідливого програмного забезпечення, здатного до самовідтворення. Вірус потребує втручання людини для запуску, і він може скопіювати себе в інші комп'ютерні програми, файли даних або в певні розділи вашого комп'ютера, наприклад у завантажувальний сектор жорсткого диска. Як тільки це станеться, ці елементи будуть заражені. Комп'ютерні віруси призначені для шкоди комп'ютерам та інформаційним системам і можуть поширюватися через Інтернет через шкідливі завантаження, заражені вкладення електронної пошти, шкідливі програми, файли чи документи. Віруси можуть викрадати дані, знищувати інформацію, реєструвати натискання клавіш тощо.	
54	Віртуальна машина	Virtual Machine (VM)	це комп'ютер із програмним забезпеченням, який працює на іншому комп'ютері.	
55	Віртуальна приватна мережа	Virtual Private Network (VPN)	використовує загальнодоступну інфраструктуру Інтернету для підключення до приватної мережі. VPN зазвичай створюють і володіють корпорації. Використовуючи шифрування та інші засоби безпеки, VPN приховає вашу онлайн-активність від зловмисників і запропонує додатковий захист, коли ви хочете безпечно переміщатися в Інтернеті.	
56	Вішинг	Voice over IP (VoIP) phishing	це форма фішингу, яка виконується по телефону або через технологію VoIP (VoIP), таку як Skype. Жертви, які нічого не підозрюють, змушені розкрити конфіденційну або особисту інформацію за допомогою телефонних дзвінків, дзвінків VoIP або навіть голосової пошти.	
57	Видалений файл	Deleted File	це файл на комп'ютері, який користувач вважає видаленим, але який, ймовірно, ні: якщо ви спеціально не використовуєте функцію «безпечного видалення», якщо вона є, видалення файлу зазвичай просто залишає його там, але видаляє його запис із каталогу. Це дуже корисно, якщо ви видалите щось помилково, оскільки ви можете отримати утиліти для відновлення «видалених» файлів, але менш корисно, якщо ви втратите свій диск, оскільки будь-хто інший також може отримати утиліти для відновлення «видалених» файлів.	
58	Виклик-відповідь	Challenge-Response	це основний засіб автентифікації, коли система запитує дію від користувача, а користувач відповідає — наприклад, система запитує пароль користувача, а користувач вводить його.	
59	Вимоги безпеки	Security requirements	випливають із багатьох джерел і компенсують потреби безпеки інформаційної системи, щоб забезпечити конфіденційність, цілісність і доступність інформації, якою керують, передають або зберігають у системі. Джерелами для вимог безпеки можуть бути законодавство, директиви, політики, стандарти, найкращі практики, нормативні акти, процедури або інші бізнес-потреби.	
60	Винюхування пароля	Password sniffing	це тактика, яку використовують кіберзлочинці для збирання паролів. Вони роблять це за допомогою моніторингу та стеження за мережевим трафіком, щоб отримати дані про паролі. Якщо пароль надсилається через незашифроване з єднання (наприклад, ви вводите пароль на веб-сайті, який не захищений сертифікатом безпеки — не починається з https), зловмисникам ще легше отримати ваші паролі.	
61	Висока доступність	High Availability	це впровадження системи з використанням кількох пристроїв, щоб у разі збою одного інші автоматично переймали обслуговування.	
62	Вища охорона	Graduated Security	це система, яка має різні рівні безпеки на основі характеру різних наборів даних, що зберігаються та обробляються.	
63	Власна інформація	Proprietary Information (PROPIN)	складається з усіх даних, які є унікальними для компанії та забезпечують її здатність залишатися конкурентоспроможною. Це може включати відомості про клієнта, технічну інформацію, витрати та комерційну таємницю. Якщо кіберзлочинці скомпрометують або розкриють цю інформацію, вплив на компанію може бути досить серйозним, як ми бачили у великих витоках даних.	
64	Внутрішня загроза	Inside threat	зазвичай відноситься до співробітників або інших осіб із авторизованим доступом, які потенційно можуть завдати шкоди інформаційній системі, знищивши її або її частини, розкривши або змінивши конфіденційну інформацію та спричинивши відмову в обслуговуванні.	
65	Внутрішня мережа	Internal Network	це мережа, що з'єднує всі внутрішні системи організації.	
66	Вторгнення	Intrusion	це обхід механізмів безпеки системи з метою отримання несанкціонованого доступу.	
67	Втрата даних	Data loss	це процес, під час якого інформація знищується через збій або недбалість під час передачі, обробки або іноді руками кіберзлочинців. Щоб запобігти втраті даних, ІТ-групи встановлюють обладнання для резервного копіювання та відновлення, щоб уникнути втрати важливої інформації.	
68	Вразливість	Vulnerability	це діра в безпеці комп'ютера, яка робить систему відкритою для збитків, спричинених кібер-зловмисниками. Уразливості необхідно усунути відразу після їх виявлення, перш ніж кіберзлочинець скористається ними та використає їх.	
69	Вразливість до «кровоточивості»	Heartbleed	це помилка системи безпеки, яка з'явилася в 2014 році, і в результаті якої була розкрита інформація, яка зазвичай була захищена шифруванням SSL/TLS. Через серйозну вразливість, яка вплинула на бібліотеку OpenSSL, зловмисники могли викрасти дані, конфіденційні за допомогою типу шифрування, який використовується для захисту Інтернету. Через цю помилку близько 500 000 веб-серверів (17% усіх серверів в Інтернеті) потрапили під потенційну крадіжку даних.	
70	Водоїк	Watering hole	це назва стратегії комп'ютерної атаки, яка була виявлена ще в 2009 і 2010 роках. Жертва — це конкретна, дуже цільова група, наприклад компанія, організація, агентство, галузь тощо. Зловмисник витрачає час, щоб отримати стратегічну інформацію про ціль: спостерігає, які законні вебсайти частіше відвідують члени групи. Потім зловмисник використовує вразливість і заражає один із цих надійних веб-сайтів шкідливим програмним забезпеченням без відома власника сайту. Згодом хтось із цієї організації потрапить у пастку й заразить свій комп'ютер. Таким чином зловмисник отримує доступ до всієї мережі цілі. Ці атаки працюють через постійну вразливість у технологіях веб-сайтів, навіть у найпопулярніших системах, таких як WordPress, завдяки чому легше, ніж будь-коли, приховано скомпрометувати веб-сайти.	
71	Веб-помилка	Web-error	це невелике прозоре GIF-зображення (яке також називають веб-маяком або піксельним тегом), зазвичай розміром не більше 1 пікселя. Він вбудований в електронну пошту або веб-сторінку та зазвичай використовується разом із файлами cookie. Веб-жуки призначені для моніторингу вашої активності та завантажуються, коли ви відкриваєте електронний лист або відвідуєте вебсайт. Найбільш поширене використання пов'язане з маркетингом: для відстеження електронної пошти (щоб побачити, чи відкривають читачі електронні листи, які вони отримали, коли вони їх відкривають), веб-аналітики (щоб побачити, скільки людей відвідало веб-сайт), статистики реклами (щоб дізнатися, як часто з являється або переглядається реклама), збір IP-адрес, тип використовуваного браузера.	
72	Веб-нападник	Web-attacker	це набір для створення зловмисного програмного забезпечення своїми руками, який вимагає мінімальних технічних знань для маніпулювання та використання. Він містить скрипти, які спрощують завдання зараження комп'ютерів і методи розсилання спаму.	
73	Відповідність	Compliance	це рівень, на якому системи та безпека працюють відповідно до задокументованих стандартів політики та процедур.	
74	Глушіння	Jamming	це техніка виведення мережі WiFi з ладу шляхом бомбардування ефіру сміттєвими передачами на тій самій частоті радіостанції.	
75	Головний інформаційний директор	Chief Information Officer (CIO)	це посадове ім'я особи, яка відповідає за систему інформаційних технологій у компанії. Посадові обов'язки включають планування технологічної архітектури, узгодження корпоративної мережі з розробленим бізнесом і розробку безпечної системи управління фінансами для компанії.	
76	Група реагування на комп'ютерні інциденти	Cyber Incident Response Team (CIRT)	це команда реагування на комп'ютерні інциденти розслідує інциденти мережевої безпеки, які виникають, коли відбувається несанкціонований доступ до мережевих ресурсів або захищених даних. Їх робота полягає в тому, щоб проаналізувати, як стався інцидент, і надати відповідь, виявивши, як стався злом і яку інформацію було втрачено.	
77	Горщик для меду	Honeypot	це програма, яка використовується в цілях безпеки та здатна імітувати одну або кілька мережевих служб, які виглядають як порти комп'ютера. Коли зловмисник намагається проникнути, honeypot зробить цільову систему вразливою. У фоновому режимі він реєструватиме спроби доступу до портів, які навіть можуть містити такі дані, як натискання клавіш зловмисника. Потім дані, зібрані honeypot, можна використовувати для передбачення вхідних атак і підвищення безпеки в компаніях.	
78	Гібридна атака	Hybrid attack	робить атаку за словником (використовується для злому паролів) ще сильнішою, додаючи цифри та символи, тому облікові дані можна зламати ще швидше.	
79	Дайвінг на смітнику	Dumpster diving	це незаконний метод отримання паролів і корпоративних каталогів шляхом пошуку у викинутих носіях.	
80	Глибока мережа	Deep Web	це концепція, схожа на темну мережу, але яка має менш тіньовий характер. Вміст всесвітньої павутини, який не індексується традиційними пошуковими системами, відомий як глибока мережа, і певні групи віддають перевагу йому через підвищений рівень конфіденційності. Однак, на відміну від темної мережі, глибока мережа не вимагає від своїх користувачів особливої технічної підкованості та не приховується складними методами; все, що вам потрібно, це знати адресу веб-сайту, до якого ви хочете отримати доступ.	
81	Делікатна інформація	Sensitive information	це тип інформації, який визначається тим, що не кожен може отримати до неї доступ, це дані, які є конфіденційними для певної категорії користувачів, які можуть переглядати, отримувати доступ і використовувати ці дані. Цей тип інформації захищено з міркувань, пов'язаних з юридичними або етичними аспектами. Приклади включають: персональні ідентифікаційні номери, інформацію про стан здоров'я, записи про освіту, комерційну таємницю, інформацію про кредитну картку тощо.	
82	Демілітаризована зона	Demilitarised Zone (DMZ)	це мережа, розташована між Інтернетом і захищеною локальною мережею, у якій ви розміщуєте такі служби, як веб-сервери та сервери електронної пошти.	
83	Депонування	Escrow	це коли дві сторони подають третій стороні щось важливе для них обох, але одержувач не може бути впевнений, що зможе отримати від постачальника. Депонування коду є загальноприйнятою концепцією: якщо компанія B створює спеціальну частину програмного забезпечення для компанії A, зазвичай обидві сторони погоджуються подати копію вихідного коду «в депонування» сторін і C, якій довірено надати це джерело Коду для компанії A лише у випадку, якщо компанія B припинить діяльність.	
84	Джерело загрози	Threat source	відноситься до мети та методу, який використовують кібер-зловмисники для використання вразливості системи безпеки або певного контексту, щоб скомпрометувати інформаційну систему. Активація вразливості системи може статися випадково або навмисно.	
85	Диреза	Dyreza (Dyre)	це банківський троян (фінансова шкідлива програма), який з'явився в 2014 році, поведінка якого схожа на сімейство ZeuS, хоча зв'язку між Dyreza та ZeuS немає. Зловмисне програмне забезпечення ховається в популярних веб-переглядачах, якими користуються мільйони користувачів для доступу до Інтернету, і спрямоване на отримання конфіденційної фінансової інформації щоразу, коли жертва підключається до банківського веб-сайту. Dyreza здатна реєструвати ключі, обходити механізми SSL і двофакторну автентифікацію, і зазвичай поширюється через фішингові електронні листи.	
86	Дистанційна діагностика	Remote diagnostics	це технічне обслуговування, яке надається авторизованими компаніями/окремими особами, які використовують Інтернет для зв'язку з мережею компанії.	
87	Дрідекс	Dridex	це різновид фінансового шкідливого програмного забезпечення, яке використовує макроси Microsoft Office для зараження інформаційних систем. Dridex розроблено для збору та викрадення банківських облікових даних і додаткової особистої інформації, а його основною метою є банківське шахрайство.	
88	Документ шкідливих програм	Document malware	це зловмисне програмне забезпечення для документів, що використовує вразливості програм, які дозволяють користувачам читати або редагувати документи.	
89	Експлойт	Exploit	це частина програмного забезпечення, фрагмент даних або послідовність команд, які використовують помилку, збій або вразливість програмного забезпечення, щоб проникнути в систему користувача зі зловмисними намірами. Ці зловмисні наміри можуть включати отримання контролю над комп'ютерною системою, дозвіл ескалації привілеїв або запуск атаки на відмову в обслуговуванні.	
90	Експлойт Angler Kit	Exploit Angler Kit	з'явився в 2013 році і зараз є одним із найвідоміших і найскладніших наборів експлойтів серед кіберзлочинців. Він має агресивну тактику, щоб уникнути виявлення продуктами безпеки, і він здатний використовувати широкий спектр уразливостей програмного забезпечення, щоб заразити нічого не підозрюючих жертв шкідливим програмним забезпеченням. Оскільки він зазвичай поширюється через випадкові завантаження, Angler надзвичайно важко виявити, і він може заразити користувачів без жодної взаємодії. Він також має можливості безфайлового зараження та здатний доставляти різноманітні корисні навантаження, від програм-вимагачів до руткітів і троянських програм, що працюють за бекдорами. Його поширеність також зміцнюється тим фактом, що кіберзлочинцям не потрібні передові технічні навички, щоб використовувати його, і тим фактом, що це загроза, яка постійно розвивається.	
91	Екстранет	Extranet	це інтернет-сайт, розроблений для підключення організацій-партнерів або клієнтів до ваших систем для доступу до інформації та інших матеріалів.	
92	Журнал аудиту	Audit Log	це журнал системи або програми, у якому зберігаються відомості про те, що люди робили в програмі/системі, до якої він застосований, що є безцінним як для загального моніторингу, так і, зокрема, для кримінального аналізу у разі виникнення проблеми.	
93	Загальнодоступне програмне забезпечення	Public Domain Software	це програмне забезпечення, вихідний код якого оприлюднено безкоштовно, і яке може повторно використовувати будь-хто з умовами ліберального набору правил ліцензування.	
94	Загальна система оцінки вразливостей	Common Vulnerability Scoring System (CVSS)	це галузевий стандарт для оцінки серйозності вразливості в комп'ютерній системі та представлення її як «бал» від 0 (немає ризику) до 10 (серйозний ризик).	
95	Загартовування	Hardening	це встановлення комп'ютерної системи (зокрема, сервера) за замовчуванням і зміна її конфігурації, щоб зробити її більш безпечною — наприклад, шляхом вимкнення системних компонентів, які не використовуються, або ввімкнення вбудованого програмного забезпечення безпеки.	
96	Загроза	Threat	це можливе порушення безпеки, яке може стати певним, якщо розгортаються правильний контекст, можливості, дії та події. Якщо загроза стає реальністю, це може спричинити порушення безпеки або додаткові збитки.	
97	Загрозлива подія	Threat event	це потенційно шкідлива ситуація для інформаційної системи, яка може мати небажані наслідки.	
98	Забезпечення інформації	Information assurance	це набір заходів, призначених для захисту даних та інформаційних систем, гарантуючи, що вони завжди доступні, що їх цілісність є безпечною, що вони конфіденційні та автентичні (принцип невідмовності). Ці заходи включають резервне копіювання даних для відновлення інформації у разі нещасної події, наявність засобів захисту кібербезпеки та забезпечення можливостей виявлення та реагування.	
99	Залежний від часу пароль	Time-dependent password	це тип пароля, який може бути дійсним протягом обмеженого періоду часу або він може бути дійсним для використання протягом певного інтервалу в день. Залежні від часу паролі найчастіше генеруються програмою та є частиною механізмів двофакторної або багатофакторної автентифікації.	
100	Залишковий ризик	Residual risk	це тип ризику, який залишається після застосування всіх доступних заходів і тактик безпеки. Оскільки не існує такого поняття, як 100% кібербезпека, для кожної ідентифікованої кіберзагрози залишається залишковий ризик.	
101	Зарядне обладнання	Chargeware	це форма шахрайства, яка зазвичай пов'язана з сайтами на яких є цензура. Це спосіб змусити користувача підписати незрозумілі положення та умови, що стягує зайву плату з кредитної картки та ускладнює відмову від підписки.	
102	Запобіжні заходи	Safeguards	стосується набору заходів захисту, які мають відповідати основним вимогам безпеки інформаційної системи, щоб забезпечити конфіденційність, цілісність і доступність. Це включає в себе все: від безпеки співробітників до забезпечення безпеки фізичних структур і пристроїв, обмежень управління тощо.	
103	Запобігання витоку даних	Data Leakage Prevention (DLP)	це програмне забезпечення, яке запобігає виходу з вашої системи інформації, яка не повинна залишати ваші системи, наприклад, скануючи вміст вихідної електронної пошти або копіювання файлів на USB-накопичувач.	
104	Заповнення кешу	Cache Cramming	це техніка, яка дозволяє обманом змусити браузер запускати шкідливий код Java з локального диска, а не з Інтернету. Виконання локального коду (який працює з меншими дозволами) дозволяє онлайн-злочинцям отримати доступ до цільового комп'ютера.	
105	Застосунок	Application	це програма, яка працює на комп'ютері.	
106	Затоплення	Flooding	це атака безпеки, яка використовується хакерами проти кількох серверів або веб-сайтів. Затоплення — це процес надсилання великого обсягу інформації в таке місце з метою блокування його обчислювальних можливостей і припинення належної роботи.	
107	Зашифрована мережа	Encrypted Network	це мережа, у якій повідомлення шифруються за допомогою спеціального алгоритму, щоб запобігти їх читанню неавторизованими людьми.	
108	Захід придушення	Suppresion measure	це може бути будь-яка дія або пристрій, який використовується для зменшення ризиків безпеки в інформаційній системі. Це частина процесу зменшення ризиків, спрямована на мінімізацію ризиків безпеки організації чи інформаційної системи.	
109	Зворотне проектування	Reverse engineering	це метод, який активно використовують дослідники кібербезпеки, які постійно розбирають зловмисне програмне забезпечення, щоб проаналізувати його. Таким чином вони можуть зрозуміти та спостерігати, як працює зловмисне програмне забезпечення, і можуть розробити рішення безпеки, які можуть захистити користувачів від такого типу зловмисного програмного забезпечення та його тактики. Це одна з найцінніших видів діяльності зі збору розвідувальних даних про кібербезпеку.	
110	Зловмисне програмне забезпечення для захоплення форм	Form-grabbing malware	це тип зловмисного програмного забезпечення, який може збирати ваші конфіденційні дані, коли ви заповнюєте веб-форму, перш ніж дані будуть надіслані через Інтернет на безпечний сервер. Роблячи це, зловмисне програмне забезпечення може уникнути безпеки, що забезпечується з'єднанням HTTPS. На жаль, використання віртуальної клавіатури, автозаповнення чи копіювання/вставлення не захистить вас від цієї загрози. Більше того, зловмисне програмне забезпечення може класифікувати дані за типом (ім'я користувача, пароль тощо) і навіть захоплювати URL-адресу, куди ви вводили інформацію.	
111	Зловживання комп'ютером	Computer Abuse	це неетичне використання комп'ютера для запуску онлайн-атак, як-от фішинг і кампанії доставки зловмисного програмного забезпечення, диверсії та дії в кібервійні.	
112	Злочинна реклама	Malvertisement	це онлайн-оголошення, заражене зловмисним кодом, який навіть можна впровадити на безпечний законний веб-сайт без відома власника веб-сайту. Це скорочення від «реклама шкідливих програм».	
113	Змішана загроза	Blended Threat	це широко вживаний термін, який описує онлайн-атаку, яка поширюється за допомогою комбінації методів, зазвичай комбінації черв'яків, троянів, вірусів та іншого шкідливого програмного забезпечення. Ця комбінація елементів зловмисного програмного забезпечення, яка використовує кілька векторів атак, збільшує шкоду та ускладнює захист окремих систем і мереж.	
114	Зменшення ризику	Risk mitigation	це процес, за допомогою якого ризики оцінюються, пріоритезуються та управляються за допомогою тактики та заходів пом'якшення. Оскільки будь-яка компанія має динамічне середовище, періодичний перегляд має бути визначальною характеристикою процесу зменшення ризиків.	
115	Зовнішнє тестування безпеки	External Security Testing	це тестування безпеки, яке проводиться поза периметром безпеки організації.	
116	Зовнішня загроза	Outside Threat	стосується неавторизованої особи за межами периметра безпеки компанії, яка може завдати шкоди інформаційній системі, знищивши її, змінивши або викравши дані з неї та розкривши їх неавторизованим одержувачам, та/або спричинивши відмову в обслуговуванні.	
117	Зіткнення	Collision	це екземпляр, у якому шифрування або хеш-функція створює однаковий вихід для двох або більше наборів вхідних даних.	
118	Інкрементні резервні копії	Incremental Backups	є надзвичайно важливими для збереження інформації в безпеці та актуальності. Цей тип резервного копіювання створюватиме резервні копії лише тих файлів, які ви змінили після виконання останнього резервного копіювання. Це означає, що резервне копіювання відбувається швидше, і ви можете бути впевнені, що у вас завжди буде безпечне резервне копіювання всієї вашої роботи.	
119	Інтранет	Intranet	це веб-сервер, який є повністю внутрішнім для вашої організації та недоступний з Інтернету.	
120	Інтелектуальна власність	Intellectual Property	стосується корисної художньої, технічної чи промислової інформації, концепцій, ідей або знань, які чітко показують, що вони належать комусь, хто контролює їх у фізичній формі чи у вигляді.	
121	Інтернет	Internet	це глобальна мережа, що об'єдную переважну більшість комп'ютерних систем у всьому світі.	
122	Інтернет-хробак	Internet Worm	було створено дослідниками в 1980-х роках, щоб знайти надійний спосіб розвитку Інтернету за допомогою самовідтворюваних програм, які можуть автоматично поширюватися в мережі. Інтернет-хробак робить саме це: він поширює себе в Інтернеті, використовуючи підключення комп'ютерів до Інтернету для відтворення.	
123	Інформаційна безпека	Information Security	це тактика, інструменти, заходи та дії, вжиті для захисту даних та інформаційних систем від несанкціонованого доступу, використання, розголошення, порушення, модифікації або знищення. Його метою є забезпечення конфіденційності, цілісності та доступності даних та інформаційних систем.	
124	Ймовірність появи	Likelihood of Occurence	визначає ймовірність того, що конкретні загрози використають певну вразливість на основі суб'єктивного аналізу.	
125	Кейлоггінг	Keylogging	за допомогою клавіатурного журналу кіберзлочинці можуть використовувати шкідливе програмне забезпечення для запису натискань клавіш на клавіатурі користувача, не усвідомлюючи цього жертвою. Таким чином кіберзлочинці можуть збирати таку інформацію, як паролі, імена користувачів, PIN-коди та інші конфіденційні дані.	
126	Керування виправленнями	Patch Management	стосується діяльності з отримання, тестування та встановлення програмних виправлень для мережі та систем у ній. Керування виправленнями включає застосування виправлень як для цілей безпеки, так і для покращення програмного забезпечення, що використовується в мережі та системах у ній.	
127	Кеш (кеш-пам'ять)	Cache	це технологія для зберігання даних і надання можливості обслуговувати майбутні запити з вищою швидкістю. Цей високошвидкісний метод зберігання зазвичай використовується для веб-сторінок і онлайн-документів, як-от HTML-сторінок і зображень, щоб збільшити швидкість завантаження та уникнути небажаної затримки.	
128	Китобійний промисел	Whaling	це форма складного фішингу, метою якого є збір конфіденційних даних про ціль. Від фішингу відрізняється те, що китобійний промисел переслідує високопоставлених, відомих і багатих цілей, таких як знаменитості, генеральні директори, керівництво вищого рівня та інші впливові чи багаті особи. Використовуючи фішингову інформацію, шахраї та кіберзлочинці можуть обманом змусити жертв розкрити ще більше конфіденційних чи особистих даних, або їх можуть вимагати та постраждати від фінансового шахрайства.	
129	Кібератака	Cyber Attack	це будь-який тип наступальних дій, що використовуються окремою особою або організованою групою, спрямовані на комп'ютерні мережі, інформаційні системи або велику ІТ-інфраструктуру за допомогою різних засобів для розгортання шкідливого коду з метою викрадення, зміни або захоплення будь-які переваги від цього типу дій. Кібератака може мати різні назви: від кіберкампанії, кібервійни до кібертероризму чи онлайн-атаки. За останні роки програмне забезпечення, яке використовується для онлайн-атак, схоже, стає все більш і більш досконалим, і правоохоронним органам у всьому світі важко намагатися впоратися з цією глобальною загрозою.	
130	Кіберінцидент	Cyber Incident	має місце, коли відбувається порушення політики безпеки комп'ютерних мереж, і прямі результати впливають на всю інформаційну систему.	
131	Кібербезпека	Cyber Security	це загальний термін, який означає можливість організації стратегії захисту від онлайн-злочинців та їхніх зловмисних дій. Повна стратегія кібербезпеки включає в себе безліч інструментів і методів для захисту операційної системи від класичних вірусів і троянів, шпигунського програмного забезпечення, зловмисного програмного забезпечення, що викрадає фінансові дані та дані. У той же час онлайн-безпека є важливою, і її потрібно захищати за допомогою інших засобів, таких як програмне забезпечення VNP і рішення для резервного копіювання.	
132	Кіберзброя	Cyber Weapon	стосується вдосконаленого та складного фрагмента коду, який можна використовувати у військових або розвідувальних цілях. Термін нещодавно з'явився у військовій сфері для позначення шкідливого програмного забезпечення, яке можна використовувати для доступу до комп'ютерних мереж ворога.	
133	Ключ шифрування трафіку	Traffic Encryption Key (TEK)	це ключ, який використовується для шифрування трафіку в мережі.	
134	Ковтер	Kovter	це троян, основною метою якого є виконання операцій із шахрайством кліків на ПК, який він скомпрометував. Однак у 2015 році Ковтер застосував нові трюки маскування, щоб уникнути виявлення, тому кіберзлочинці почали використовувати його для доставки інших типів шкідливих програм, таких як програми-вимагачі, або для вербування ПК у ботнети.	
135	Командно-диспетчерський сервер	Command and Control Center	це мережевий сервер, який керує великою мережею скомпрометованих систем. Шкідливий сервер використовується хакерами для надсилання та отримання команд із заражених комп'ютерів. Використовуючи цей тип мережі, хакери можуть запускати розподілені атаки на відмову в обслуговуванні, інструктуючи комп'ютери виконати ту саму дію.	
136	Комплекти експлойтів як послуга	Exploit Kits-as-a-Service	це відносно нова бізнес-модель, яку використовують кіберзлочинці, у якій вони створюють, керують і продають або орендують набори експлойтів, доступні та прості у використанні під час кібератак. Набори експлойтів як послуга не вимагають значних технічних знань для використання, вони дешевші (особливо якщо взяти в оренду), вони гнучкі та можуть бути упаковані різними типами зловмисного програмного забезпечення, пропонують ширше охоплення, зазвичай їх важко виявляти та використовувати для використання широкого діапазону вразливостей. Завдяки цій бізнесмоделі виробникам наборів експлойтів дуже вигідно продавати свій шкідливий код і збільшувати свої доходи.	
137	Комп'ютерна криміналістика	Computer Forensics	пов'язана з цифровою криміналістикою та є практикою, за допомогою якої цифрові дані збираються та аналізуються для юридичних цілей. Основна мета — виявити, проаналізувати та представити факти про цифрову інформацію. Висновки можуть бути використані в боротьбі з кіберзлочинністю або для цивільного судочинства.	
138	Компроміс	Compromise	це успішне проникнення хакера в систему, незважаючи на захищені механізми безпеки.	
139	Конфіденційність	Confidentiality	це набір правил або угод, які обмежують доступ або обмежують доступ до певних типів інформації. Якщо така угода укладена, інформація розкривається лише тім, хто має право переглядати її.	
140	Контроль безпеки	Security controls	це набір запобіжних заходів, призначених для уникнення та пом'якшення впливу ризиків кібербезпеки організації.	
141	Контроль інформаційних потоків	Information Flow Control	це важливий запобіжний засіб у кампаніях, створений для того, щоб передача даних в інформаційній системі відповідала політиці безпеки та була максимально безпечною.	
142	Консультативне попередження	Advisory	це сповіщення, опубліковане консультантами з безпеки, правоохоронними органами тощо, щоб розповісти світові про проблему безпеки, з якою вони зіткнулися, і про яку, на їхню думку, варто попередити людей. Доцільно знайти час, щоб прочитати їх, оскільки це безкоштовна інформація про атаки, які можуть обрушитися на ваші двері найближчим часом.	
143	Корисне навантаження	Payload	це вантаж даних, який передається зловмисним програмним забезпеченням на уражений пристрій або мережу. Корисне навантаження містить основну мету передачі, тому корисне навантаження насправді є елементом зловмисного програмного забезпечення, яке виконує зловмисну дію (наприклад, викрадення фінансової інформації, знищення даних, шифрування даних на ураженому пристрої/мережі тощо). Коли ви розглядаєте шкідливі наслідки зловмисного програмного забезпечення, саме тоді можна говорити про корисне навантаження.	
144	Кнопка перекидання	Flip button	з'являється, коли шпигунське або рекламне програмне забезпечення обманом змушує користувачів виконати різні дії та встановити шкідливе програмне забезпечення в системі.	
145	Крадіжка даних	Data theft	описує незаконні операції, під час яких конфіденційна інформація отримується від компанії чи окремої особи. Зазвичай викрадені дані включають облікові дані для онлайн-рахунків і банківських сайтів, дані кредитної картки або цінну корпоративну інформацію. В останні роки кількість таких операцій збільшилася, і тепер виникла необхідність захищати дані додатковими засобами безпеки.	
146	Кримінальне програмне забезпечення	Crimeware	відрізняється від рекламного або шпигунського ПЗ і створене для операцій з крадіжки особистих даних, які використовують схеми соціальної інженерії для отримання доступу до облікових записів користувачів в Інтернеті. Злочинне програмне забезпечення стає все більшою проблемою для безпеки мереж, оскільки численні типи зловмисного програмного забезпечення прагнуть викрасти цінні дані з систем. Отриману інформацію можна надіслати іншим зацікавленим сторонам за певну ціну.	
147	Криптографія	Cryptography	це навчання перетворення даних із необробленої форми у  форму, де їх не зможуть прочитати неавторизовані особи.	
148	Криптографічний ключ	Cryptographic Key	це третій елемент (із трьох) під час шифрування даних: алгоритм шифрування поєднується з криптографічним ключем для перетворення простого тексту на зашифрований текст.	
149	Криптографічна міцність	Cryptographic Strength	це рівень складності зламу криптографічної системи: висока криптостійкість означає, що шифр дуже важко зламати.	
150	Ланцюжок доказів	Chanin of Evidence	це остаточна, доведена послідовність подій та/або дій, яку ви використовуєте, щоб продемонструвати суду чи трибуналу або відділу кадрів, яка переконливо демонструє, що сталося під час порушення безпеки. Повинна бути можливість пройти ваш ланцюжок доказів від початку до кінця та продемонструвати, що жоден із доказів не міг бути підроблений або незаконно відкритий на будь-якому етапі.	
151	Латки	Patching	це акт застосування патча, призначеного для виправлення або покращення програмного забезпечення. Це стосується як оновлень, пов'язаних із безпекою, так і покращень функцій програмного забезпечення та взаємодії з користувачем.	
152	Логічна бомба	Logic Bomb	це фрагмент коду, який зловмисник може вставити в програмне забезпечення, щоб запустити зловмисну функцію, коли виконується набір визначених умов.	
153	Ловля сома (рибалка)	Catfishing	це процес створення підробленого онлайн-профілю, щоб обманом змусити людей повірити, що вони хтось інший. Ловля котів часто здійснюється заради фінансової вигоди. Імітатор вводить жертву в оману, змушуючи її повірити, що між ними існують справжні стосунки, які встановлюються через текстове повідомлення чи телефон, але ніколи особисто. У якийсь момент імітатор попросить велику послугу, як правило, грошову, з доданою обіцянкою, що після цього вони нарешті зустрінуться віч-на-віч. Навіть після надання послуги імітатор усе ще знаходить причини не зустрічатися та продовжуватиме намагатися витягнути гроші з жертви, доки той/вона не здасться.	
154	Локі	Locky	це тип шифруючого зловмисного програмного забезпечення (також відомого як програмне забезпечення-вимагач), що розповсюджується через макроси Microsoft Office і спрямоване на комп'ютери під керуванням Windows. Назва походить від того факту, що після зараження комп'ютера жертви програмне забезпечення-вимагач перешифровує та шифрує всі дані на цьому комп'ютері, встановлюючи розширення кожного файлу на .locky. Locky поширюється через спам-кампанії електронної пошти, які активно використовують спуфінг, як і кіберзлочинці, що стоять за Dridex. Щоб розшифрувати дані, творці Locky просять викуп, який, якщо не буде сплачено, зробить дані марними, якщо жертва не матиме резервної копії.	
155	Макровірус	Macro Virus	це тип вірусу, який приєднується до документів і використовує параметри програмування макросів у програмі для роботи з документами (наприклад, Microsoft Word або Excel), щоб виконувати зловмисний код або розповсюджувати себе.	
156	Максимально допустимий час простою	Maximum Tolerable Downtime	стосується максимальної кількості часу, протягом якого організаційні процеси та діяльність можуть бути порушені без серйозних наслідків для місії організації.	
157	Мазар БОТ	Mazar BOT	це різновид зловмисного програмного забезпечення, націленого на пристрої Android, яке вперше з'явилося в лютому 2016 року. Зловмисне програмне забезпечення поширюється через SMS-повідомлення, надіслані на випадкові номери, які містять посилання, скорочене за допомогою служби скорочення URL-адрес (наприклад, bit.ly). Після натискання посилання встановлює зловмисне програмне забезпечення Mazar BOT на уражений пристрій, отримуючи можливість писати, надсилати, отримувати та читати SMS, отримувати доступ до Інтернет-з'єднань, телефонувати, стирати телефон, на якому воно встановлено, і багато іншого. Mazar BOT не працює на смартфонах під управлінням Android з російською мовою. Спуфінг також спостерігався в атаках Mazar BOT.	
158	Масове шифрування	Bulk encryption	це набір протоколів безпеки, які забезпечують необхідні засоби для шифрування та дешифрування передачі даних, щоб забезпечити захист від порушень безпеки та онлайн-крадіжки.	
159	Межа	Boundary	це «край» системи чи мережі, де вона з'єднується з іншою системою чи мережею. Наприклад, брандмауер, що забезпечує з'єднання між локальною мережею та Інтернетом, є частиною межі.	
160	Мережевий етикет	Neiquette	це набір найкращих практик і речей, яких слід уникати під час користування Інтернетом, особливо в таких спільнотах, як форуми чи онлайн-групи. Це скоріше набір соціальних умов, спрямованих на те, щоб зробити спілкування в Інтернеті конструктивним, позитивним і корисним. Приклади включають: публікації не по темі, образи людей, надсилання або розміщення спаму тощо.	
161	Міжсайтовий сценарій	Cross-Site Scripting (XSS)	це вразливість програмного забезпечення, яка зазвичай зустрічається у веб-додатках. Цей XSS дозволяє онлайн-злочинцям вставляти клієнтський сценарій на сторінки, які переглядають інші користувачі. Уразливість міжсайтового сценарію може одночасно використовуватися зловмисниками для перезапису елементів керування доступом. Ця проблема може стати серйозною загрозою безпеці, якщо адміністратор мережі або власник веб-сайту не вживе необхідних заходів безпеки.	
162	Містифікація	Hoax	це помилкове попередження про комп'ютерний вірус. Ви можете отримувати такі підробки електронною поштою, миттєвими повідомленнями чи соціальними мережами. Перш ніж діяти, обов'язково зайдіть в Інтернет і перевірте обґрунтованість претензії. Крім того, якщо у вас є докази того, що це підробка, варто також повідомити про це відправника. Пам'ятайте, що такі обмани можуть призвести до зловмисних веб-сайтів, які можуть заразити ваші пристрої шкідливим програмним забезпеченням.	
163	Мобільний код	Mobile code	це тип програмного забезпечення, яке можна передавати між системами (через мережу) і яке також можна виконувати в локальній системі, наприклад на комп'ютері, без явної згоди одержувача. Ось кілька прикладів коду для мобільних пристроїв, які ви можете зустріти: JavaScript, VBScript, Flash-анімації, фільми Shockwave, аплети Java, елементи керування ActiveX і навіть макроси, вбудовані в документи Microsoft Office або Excel.	
164	Моніторинг загроз	Threat monitoring	це процес, під час якого перевірки безпеки та інша інформація в цій категорії збираються, аналізуються та переглядаються, щоб визначити, чи можуть певні події в інформаційній системі загрожувати безпеці системи. Це безперервний процес.	
165	Набір експлойтів	Exploit Kit	це комп'ютерні програми, призначені для пошуку недоліків, слабких місць або помилок у програмних програмах (широко відомих як уразливості) і використання їх для отримання доступу до системи чи мережі. Вони використовуються на перших етапах кібератаки, оскільки вони мають здатність завантажувати шкідливі файли та завантажувати атаковану систему шкідливим кодом після проникнення в неї.	
166	Надійна автентифікація	Strong authentication	це особлива вимога, яка вимагає використання кількох факторів автентифікації з різних категорій і складної технології для перевірки ідентичності суб'єкта. Динамічні паролі, цифрові сертифікати, протоколи та інші елементи автентифікації є частиною жорстких стандартів автентифікації. Це особливо стосується банківських і фінансових послуг, де доступ до облікового запису має бути прив'язаний до реальної особи чи організації.	
167	Належна обачність	Due diligence	змушує організації розробити та впровадити план кібербезпеки, щоб запобігти шахрайству, зловживанням, а також розгорнути засоби їх виявлення, якщо вони трапляються, щоб зберегти конфіденційні бізнес-дані.	
168	Наскрізна безпека	End-to-End Security	це спосіб забезпечення безпеки даних, які передаються через інформаційну систему, від точки відправлення до точки призначення.	
169	Наскрізне шифрування	End-to-End Encryption	це процес, який передбачає використання шифрування зв'язку, щоб зробити інформацію недоступною для третіх сторін. Під час передачі через мережу інформація буде доступна лише для відправника та одержувача, не дозволяючи провайдерам Інтернету або постачальникам послуг додатків виявити або підробити вміст повідомлення.	
170	Не відмова	Non-Repudiation	стосується здатності системи довести, що певний користувач (і тільки цей користувач) надіслав повідомлення, і що повідомлення жодним чином не було змінено.	
171	Несанкціонований доступ	Unauthorized access	означає, що хтось незаконно отримав доступ до захищеної чи конфіденційної інформації без дозволу.	
172	Несанкціоноване розголошення	Unauthorized disclosure	трапляється, коли конфіденційна приватна інформація передається або розкривається сторонам, які не мають доступу до даних.	
173	Нейтрино	Neutrino	це відомий набір експлойтів, який постійно розвивався з моменту його появи в 2013 році. Цей набір експлойтів став популярним завдяки своїм зручним функціям і низьким бар'єрам для входу до нього. Neutrino містить зручну панель керування, безперервний моніторинг рівня виявлення антивірусу, можливості викрадання інформації, рекомендації щодо використання експлойтів тощо. Neutrino — це інструмент, який часто використовують для компрометації комп'ютерів і розповсюдження різних типів зловмисного програмного забезпечення, і сам він розповсюджується через рекламні кампанії та веб-ін'єкти. Neutrino також доступний через модель набору експлойтів як послуги, де зловмисники можуть орендувати набір експлойтів і збільшити свої прибутки з меншими інвестиціями.	
174	Ненавмисне розголошення	Inadvertent disclosure	це тип інциденту безпеки, який передбачає випадкове відкриття інформації особі, яка не має доступу до цих даних.	
175	Низький вплив	Low Impact	це рівень впливу кіберзагрози або кібератаки на організацію показує, що може бути втрата конфіденційності, цілісності або доступності, але з обмеженими наслідками. Це включає в себе зменшення можливостей організації, зберігаючи здатність функціонувати, а також інші незначні збитки, фінансові втрати або шкоду для людей.	
176	Номеронабирач	Dialer	це шпигунський пристрій або програма, яка використовується для зловмисного перенаправлення онлайн-спілкування. Таке програмне забезпечення розриває законне телефонне з'єднання та знову підключається до номеру з преміум-тарифом, що призводить до того, що користувач отримує дорогий рахунок за телефон. Зазвичай він сам встановлюється в системі користувача.	
177	Набір Nuclear Exploit Kit	Nuclear Exploit Kit	це високоефективний набір експлойтів, який з'явився в 2010 році і дав кіберзлочинцям можливість використовувати широкий спектр уразливостей програмного забезпечення в таких програмах, як Flash, Silverlight, програма для читання PDF, Internet Explorer тощо. Поліморфний за своєю природою, Nuclear за ці роки перетворився на сумнозвісний інструмент, який використовується для запуску атак Zero Day, розповсюдження програм-вимагачів або операцій з вилучення даних. Ядерні засоби часто використовувалися для великих компрометацій і давали зловмисникам можливість налаштовувати свої атаки на конкретні місця та комп'ютерні конфігурації. Цей набір експлойтів, що постійно розвивається, містить різні тактики обфускації, щоб уникнути виявлення традиційними антивірусними та антишкідливими рішеннями.	
178	Нульовий день (Атаки Zero Day)	Zero Day (Zero Hour)	це атаки, які використовують уразливості в комп'ютерному програмному забезпеченні, які виявили кіберзлочинці, а виробники програмного забезпечення не виправили (оскільки вони не знали про існування цих уразливостей). Цим часто користуються кіберзловмисники до того, як про них дізнаються програмне забезпечення або компанії, що займаються охороною. Іноді Zero Days виявляють постачальники засобів безпеки або дослідники та зберігають конфіденційність, доки компанія не виправить уразливості.	
179	Нюхач	Sniffer	це інструмент, який використовується для моніторингу трафіку в мережі. Його можна використовувати законно для виявлення проблем із потоком даних. Але його також можуть використовувати зловмисники для збору даних, які передаються через мережу.	
180	Обліковий запис адміністратора	Administrative Account	це обліковий запис із високим рівнем доступу, який може робити більше, ніж звичайний користувач. Системні адміністратори використовують їх для перенастроювання систем, створення та видалення звичайних облікових записів користувачів тощо.	
181	Обмін інформацією	Information Sharing	це режим, у якому системи та люди обмінюються інформацією відповідно до конфігурації прав доступу систем.	
182	Обнулення	Zeroisation	це багаторазове перезаписування даних на диску чи стрічці, щоб зробити їх нечитабельними, виходячи з того, що видалення файлу в більшості операційних систем зазвичай просто видаляє прямий запис, але залишає вміст файлу на диску. На магнітних дисках допуск на точність головки читання/запису на диску такий, що спроба перезаписати елемент один раз може дещо відхилятися від точної точки, у якій розташовані дані, тому обнулення магнітних дисків передбачає запис кожного елемента кілька разів, щоб досягти високої ймовірності перезапису точного розташування.	
183	Обфускація	Obfuscation	це тактика, яка використовується для того, щоб зробити комп'ютерний код незрозумілим  щоб люди або певні програми безпеки (наприклад, традиційний антивірус) не могли його зрозуміти. Використовуючи обфусцований код, кіберзлочинці ускладнюють фахівцям з кібербезпеки читання, аналіз і зворотне проектування зловмисного програмного забезпечення, заважаючи їм знайти спосіб заблокувати зловмисне програмне забезпечення та придушити загрозу.	
184	Одноразова панель	One Time Pad	це паперовий блокнот із ключами шифрування, на якому кожен ключ відрізняється від наступного та де немає помітного шаблону для різних ключів. Відправник і одержувач повинні мати однакові одноразові блокноти, щоб одержувач міг розшифрувати повідомлення. Один із найбезпечніших підходів до алгоритму шифрування, якщо ніхто не зможе скопіювати One Time Pad.	
185	Операція Товар	Operation Tovar	це міжнародна спільна діяльність правоохоронних органів і приватних охоронних компаній з багатьох країн. Основною метою операції було знищення ботнету Zeus GameOver, який, імовірно, використовувався для розповсюдження програми-вимагача CryptoLocker. Heimdal Security також брала участь у цих зусиллях разом із Міністерством юстиції США, Європолом, ФБР, Microsoft, Symantec, Sophos, Trend Micro та іншими.	
186	Отруєння кешу DNS	DNS cache poisoning (DNS spoofing)	це метод, який використовують онлайн-злочинці для здійснення онлайн-атак. Цей метод передбачає модифікацію системи доменних імен, що призводить до повернення неправильної IP-адреси. Мета — перенаправити трафік на шкідливий сервер, який контролюється хакерами. Ось чому DNS вважається отруєним, і влада повинна його зняти.	
187	Оцінка загрози	Threat assessment	під час оцінки кіберзагрози організації класифікуються за типами, щоб ними було легше керувати, визначати пріоритети та пом'якшувати їх.	
188	Оцінка ризику	Risk assessment	це процес аналізу ризиків, який визначає ризики кібербезпеки організації та їхній потенційний вплив. Тоді заходи безпеки підбираються відповідно до важливості та потенційного впливу ризиків, виявлених у результаті оцінки ризиків.	
189	Офлайн атака	Offline Attack	це тип атаки, який може статися, коли зловмиснику вдається отримати доступ до даних за допомогою офлайнових засобів, таких як підслуховування, шляхом проникнення в систему та викрадення конфіденційної інформації або огляду за чиєсь плече та отримання облікових даних для секретних даних.	
190	Паразитарні віруси	Parasitic viruses	це тип вірусу, який здатний асоціювати себе з файлом або вставляти себе у файл. Щоб залишитися непоміченим, цей вірус поверне контроль програмному забезпеченню, яким він заражений. Коли операційна система переглядає інфіковане програмне забезпечення, вона продовжуватиме надавати йому права працювати як зазвичай. Це означає, що вірус зможе скопіювати себе, встановити себе в пам'ять або внести інші шкідливі зміни в заражений ПК. Хоча цей тип вірусу з'явився на початку історії комп'ютерних заражень, зараз він повертається.	
191	Пасивна атака	Passive attack	це вид атаки, під час якої кіберзлочинці намагаються отримати несанкціонований доступ до конфіденційної інформації. Його називають пасивним, оскільки зловмисник лише витягує інформацію, не змінюючи дані, тому його складніше виявити.	
192	Переповнення буфера	Buffer Overflow	відбувається, коли програма або додаток намагається зберегти зайві дані в області тимчасового зберігання (буфері), і ця додаткова інформація переповнюється в інші частини пам'яті комп'ютера. Це те, чим скористалися хакери, і ці типи атак можуть призвести до несанкціонованого запуску коду або збоїв системи.	
193	Пасхальне яйце	Easter Egg	це прихований код у комп'ютерному забезпеченні, який виконує щось, що не є частиною його нормальної роботи. Іноді це офіційно включено постачальником, але іноді це заборонено, щоб забезпечити Back Door.	
194	Патч	Patch	це невелике оновлення програмного забезпечення, випущене виробниками для виправлення або покращення програмного забезпечення. Патч може виправляти вразливі місця системи безпеки чи інші помилки або покращувати програмне забезпечення з точки зору функцій, зручності використання та продуктивності.	
195	Перегляд мережі	Network Browsing	це метод, який використовує програмне забезпечення для моніторингу та аналізу мережевого трафіку. Це можна законно використовувати для виявлення проблем і підтримки ефективного потоку даних. Але його також можна використовувати зловмисно, щоб отримати дані, які передаються через мережу.	
196	Персональний брандмауер	Personal Firewall	це тип брандмауера, який встановлюється та працює на персональних комп'ютерах.	
197	Персональний ідентифікований номер	Personal Identificartion Number (PIN)	це пароль, що складається лише з цифр, який зазвичай використовується для автентифікації для користувачів кредитних і дебетових карток і який відомий лише особі, якій довірено об'єкт, що захищається.	
198	Печиво	Cookies	це невеликий текстовий файл, який розміщується на вашому комп'ютері, коли ви відвідуєте веб-сайт. Цей файл cookie дозволяє веб-сайту відстежувати деталі вашого відвідування та зберігати ваші налаштування. Ці файли cookie були розроблені, щоб бути корисними та збільшити швидкість вебсайту під час наступного доступу до цього місця. У той же час вони дуже корисні для рекламодавців, які можуть зіставляти рекламу з вашими інтересами після перегляду вашої історії веб-перегляду. Зазвичай файли cookie та тимчасові файли можуть впливати на вашу конфіденційність, оскільки вони розкривають ваші звички в Інтернеті, але можна змінити параметри веб-браузера та встановити обмеження.	
199	Перехід після відмови	Failover	там, де є системи, налаштовані в режимі високої доступності, перемикання з активного елемента на резервний відбувається під час відмови.	
200	Підозрілі файли та поведінка	Suspicious files and behaviour	визначається, коли файли демонструють незвичайну поведінку. Наприклад, якщо файли починають самостійно копіюватись до системної папки, це може означати, що ці файли скомпрометовано зловмисним програмним забезпеченням. Традиційні антивірусні рішення включають цей тип виявлення для виявлення та блокування шкідливих програм.	
201	Підроблені шкідливі антивірусні програми	Fake antivirus malware	це форма комп'ютерного шкідливого програмного забезпечення, яке імітує зараження системи, яке потрібно видалити. У користувачів просять гроші в обмін на видалення шкідливих програм, але це не що інше, як форма програм-вимагачів.	
202	Підпис нападу	Attack signature	це унікальна частина інформації, яка використовується для ідентифікації конкретної кібератаки, спрямованої на використання відомої комп'ютерної системи або вразливості програмного забезпечення. Сигнатури атак включають певні шляхи, якими користуються кіберзлочинці у своїх зловмисних спробах компрометації. Ці шляхи можуть визначати певну частину шкідливого програмного забезпечення або цілий клас шкідливого програмного забезпечення.	
203	Підшивка файлів	File binder	це програми, які використовуються онлайн-злочинцями для об'єднання кількох файлів в один виконуваний файл, який можна використовувати для атак зловмисного програмного забезпечення.	
204	План аварійного відновлення	Disaster Recovery Plan (DRP)	це набір процедур, спрямованих на захист або обмеження потенційних втрат у бізнес-ІТ-інфраструктурі у разі онлайн-атаки або значного збою апаратного чи програмного забезпечення. У процесі аналізу впливу на бізнес слід розробити план відновлення.	
205	Повеликс	Poweliks	це троян, призначений для шахрайства кліків на ураженому ПК. Його специфічний характер надає той факт, що це тип безфайлового зловмисного програмного забезпечення, через що його дуже важко виявити традиційними антивірусними та антивірусними рішеннями на основі сигнатур. Poweliks встановлюється в реєстрі Windows, де може вставлятися в основні функції Windows. Це також допомагає Poweliks досягти стійкості на зараженому ПК. Це зловмисне програмне забезпечення також може використовуватися для завантаження інших загроз на комп'ютер жертви, наприклад програм-вимагачів, доставлених через шкідливу рекламу.	
206	Повторні атаки	Replay attacks	це тип атаки, який використовує дані автентифікації, які раніше забрали кіберзлочинці, для повторної передачі цієї конфіденційної інформації. Метою є отримання несанкціонованого доступу або створення інших зловмисних ефектів.	
207	Поліморфний пакувальник	Polymorphic packer	це програмний інструмент, який використовується для об'єднання різних типів шкідливих програм в один пакет (наприклад, у вкладенні електронної пошти). Зловмисники використовують поліморфні пакувальники, оскільки вони здатні трансформуватися з часом, тому вони можуть залишатися непоміченими традиційними рішеннями безпеки протягом довшого періоду часу.	
208	Поліморфні шкідливі програми	Polymorphic malware	здатне перетворюватися на різні похідні версії, які виконують ту саму функцію та мають ту саму мету. Використовуючи заплутаний код і постійно змінюючи свій код, поліморфні штами зловмисного програмного забезпечення можуть інфікувати інформаційні системи, не виявляючи таких рішень, як традиційне шкідливе програмне забезпечення, яке є ключовим активом з точки зору кіберзлочинців.	
209	Поліморфний двигун	Polymorphic engine	використовується для створення поліморфного шкідливого програмного забезпечення. Це комп'ютерна програма, здатна перетворювати програму в похідні версії (різні версії коду), але які виконують однакову функцію. Для роботи поліморфні механізми покладаються на шифрування та обфускацію, і використовуються майже виключно розробниками шкідливих програм та іншими кіберзлочинцями. Використовуючи механізм цього типу, зловмисники можуть створювати типи шкідливих програм, які не можуть бути виявлені антивірусними механізмами або мають дуже низький рівень виявлення.	
210	Поліморфний код	Polymorphic code	здатний видозмінюватися і змінюватися, зберігаючи вихідний алгоритм. Під час кожного запуску код змінюється, але зберігає свою функцію. Цю тактику зазвичай використовують розробники зловмисного програмного забезпечення, щоб зберегти свої атаки прихованими та непоміченими реактивними рішеннями безпеки.	
211	Політика інформаційної безпеки	Information Security Policy	це директиви, нормативні акти, правила та практики, обов'язкові для будь-якої компанії і які визначають, як організація має керувати, захищати та поширювати інформацію.	
212	Помірний вплив	Moderate Impact	коли цей тип впливу оцінюється або спостерігається в інформаційній системі, це означає, що конфіденційність, цілісність або доступність зазнали значного удару. Організація може зафіксувати майже непрацюючі основні функції та значну шкоду своїм активам, фінансам та особам.	
213	Помилка	Bug	це недолік програмного забезпечення, який призводить до неочікуваного результату, який може вплинути на продуктивність системи. Зазвичай помилка може спричинити збій або зависання системи. Основна проблема безпеки, яка може виникнути, полягає в тому, що помилки дозволяють хакерам обходити привілеї доступу або отримувати конфіденційні дані з мережі.	
214	Попередження	Alert	це повідомлення від систем безпеки про те, що хтось намагається проникнути (або, можливо, вже зробив це).	
215	Потенційний вплив	Potential Impact	коли оцінюється ризик кібербезпеки, враховується втрата 3 основних факторів: конфіденційності, цілісності та доступності. Якщо ризик стає кібератакою, він може мати низький, помірний або сильний вплив.	
216	Потенційно небажана програма	Potentially unwanted application (PUA)	це програма, яку ви можете встановити на своїх пристроях, яка містить рекламне ПЗ, яка може встановлювати панелі інструментів або мати незрозумілі цілі. Такі програми можуть бути нешкідливими за своєю природою, але вони потенційно можуть стати зловмисними. Користувачі повинні серйозно розглянути ризики, перш ніж встановлювати цей тип програм.	
217	Прибирання сміття	Scavenging	це спроба знайти конфіденційні дані шляхом пошуку в залишках даних системи.	
218	Програми-вимагачі	Ransomware	це різновид шкідливого програмного забезпечення, яке шифрує всі дані на ПК чи мобільному пристрої, блокуючи доступ до них власника даних. Після зараження жертва отримує повідомлення, у якому повідомляється, що для отримання ключа розшифровки необхідно сплатити певну суму грошей (зазвичай у біткойнах). Зазвичай існує також обмеження за часом для виплати викупу. Немає гарантії, що якщо жертва заплатить викуп, вона отримає ключ розшифровки. Найнадійнішим рішенням є резервне копіювання даних принаймні в 3 різних місцях (для резервування) і постійно оновлювати ці резервні копії, щоб не втратити важливий прогрес.	
219	Програма фільтрації спаму	Spam filtering software	це тип програми, яка може аналізувати електронні листи та інші типи повідомлень (тобто миттєві повідомлення), щоб відсіяти спам. Якщо програмне забезпечення для фільтрації спаму вирішить класифікувати повідомлення як спам, воно, ймовірно, перемістить його до спеціальної папки.	
220	Проксі-сервер	Proxy server	це посередник між комп'ютером і Інтернетом. Проксі-сервери використовуються для підвищення кібербезпеки, оскільки вони запобігають безпосередньому вторгненню зловмисників у комп'ютер/приватну мережу.	
221	Проникнення	Penetration	відбувається, коли зловмисникові вдається обійти захист системи та отримати конфіденційні дані з цієї системи.	
222	Простий текст	Plaintext	це звичайний текст перед його шифруванням або після розшифрування. Коли хтось каже, що ваші паролі зберігаються у вигляді відкритого тексту, це означає, що їх може прочитати будь-хто, хто проникне у вашу особисту інформацію, оскільки паролі не зашифровані. Це великий недолік у кібербезпеці, тож стежте за цим.	
223	Протокол	Protocol	це визначений і узгоджений спосіб взаємодії двох систем, з точки зору комп'ютера.	
224	Прошивка	FirmWare	це програмне забезпечення низького рівня в комп'ютері або мережевому пристрої, яке керує основною роботою. Оновлення мікропрограми зазвичай означає простой, тому це частина системи, яка рідко оновлюється, доки щось не піде не так через помилку в ній.	
225	Реакція в реальному часі	Real-time reaction	це тип негайної реакції та реакції на помічену спробу компромісу. Це робиться вчасно, щоб жертва змогла забезпечити захист від несанкціонованого доступу до мережі.	
226	Резервне копіювання	Backup	це точна копія ваших файлів, системних файлів або будь-яких інших системних ресурсів, які потрібно захистити. Цей запобіжний захід необхідний для всіх типів непередбачуваних подій, як-от збій системи або коли ви видаляєте чи втрачаєте ці файли. Резервне копіювання має бути незалежним від вашої системи та використовуватися лише за необхідності. Бувають також випадки, коли система або ці файли заражаються, або коли систему заблоковано програмою-вимагачем, і їх потрібно відновити.	
227	Рекламне програмне забезпечення	Adware	це тип програмного забезпечення, яке показує рекламу у вашій системі. Зазвичай ці спливаючі вікна з'являються під час відвідування сайтів, наприклад надокучливі спливаючі вікна чи банери. Вони поставляються в комплекті з іншими програмами. Більшість типів рекламного програмного забезпечення не є небезпечним, можливо, трохи дратує, оскільки вони відображають спливаючу рекламу під час відвідування веб-сайту, але є інша небезпечна форма рекламного програмного забезпечення, яке розміщує шпигунське програмне забезпечення, яке може відстежувати вашу діяльність і отримувати конфіденційну інформацію. З цієї причини користувачі не повинні завантажувати програми з небезпечних веб-сайтів і звертати увагу на програмне забезпечення, яке постачається в комплекті. Менш серйозними проблемами, спричиненими рекламним ПЗ, можуть бути проблеми з уповільненням роботи або надто велика кількість дратівливих спливаючих вікон, які можуть заповнювати екран комп'ютера. Не кажучи вже про проблеми стабільності, які можуть вплинути на вашу систему. Щоб видалити шкідливе рекламне або шпигунське програмне забезпечення із системи, перевірте онлайн наявність спеціалізованих інструментів, таких як Malwarebytes або Spybot.	
228	Підроблене програмне забезпечення безпеки	Rogue security software	це поширене інтернет-шахрайство, яке використовують кіберзлочинці, щоб ввести жертв в оману та заразити їхні комп'ютери шкідливим програмним забезпеченням. Зловмисники також можуть використовувати фальшивий антивірус, щоб обманом змусити жертв заплатити гроші або вимагати від них (як це робить програма-вимагач) платити за видалення шахрайського програмного забезпечення. Тому, будь ласка, купуйте програмне забезпечення безпеки лише від перевірених постачальників або від самих виробників програмного забезпечення.	
229	Рекламне програмне забезпечення Typehoid	Typehoid Adware	це загроза кібербезпеці, яка використовує атаку Man-in-the-middle для розміщення реклами на певних веб-сторінках, які користувач відвідує під час використання загальнодоступної мережі, наприклад загальнодоступної незашифрованої точки доступу WiFi. У цьому випадку комп'ютер, який використовується, не повинен мати на ньому рекламне програмне забезпечення, тому встановлення традиційного антивірусу не може протидіяти загрозі. Хоча самі оголошення можуть бути нешкідливими, вони можуть наражати користувачів на інші загрози. Наприклад, реклама може рекламувати фальшивий антивірус, який насправді є шкідливим програмним забезпеченням, або фішингову атаку.	
230	Ресурс даних	Data Asset	це частина інформації, яка містить цінні записи. Це може бути база даних, документ або будь-який тип інформації, якою керують як єдиним цілим. Як і будь-який актив, залучена інформація містить фінансову цінність, яка безпосередньо пов'язана з кількістю людей, які мають доступ до цих даних, і з цієї причини вона потребує відповідного захисту.	
231	Ризик інформаційної безпеки	Information Security Risk	ризик у цій категорії можна оцінити відповідно до того, як і наскільки він загрожує діяльності компанії (включно з місією, функціями, брендом, репутацією) або активам, співробітникам, партнерам тощо. Ризик базується на потенціалі для кіберзлочинців отримати несанкціонований доступ отримувати доступ і використовувати їх для збору конфіденційних даних, розголошувати їх громадськості або неавторизованим сторонам, змінювати їх або знищувати, таким чином порушуючи діяльність організації.	
232	Рівень занепокоєння	Level of Concern	це рейтинг, який вказує, які тактики та процеси захисту слід застосовувати до інформаційної системи, щоб підтримувати її безпеку та роботу на оптимальному рівні. Рівень занепокоєння може бути базовим, середнім або високим.	
233	Рівень захищеності сокетів	Secure Sockets Layer	це метод шифрування для забезпечення безпеки даних, які надсилаються та отримуються від користувача на певний веб-сайт і назад. Шифрування цієї передачі даних гарантує, що ніхто не зможе перехопити передачу та отримати доступ до конфіденційної інформації, такої як дані картки у випадку онлайн-покупок. Законні веб-сайти використовують SSL (починаються з https), тому користувачам слід уникати введення своїх даних на веб-сайтах, які не використовують SSL.	
234	Розлив	Spillage	це витік інформації, який відбувається, коли дані переміщуються з безпечної, захищеної системи в іншу, менш безпечну. Це може статися з усіма типами даних, від інформації про здоров'я до фінансових чи особистих даних. Якщо система, до якої переміщуються дані, менш безпечна, люди, які не повинні мати доступу до цієї інформації, можуть отримати до неї доступ.	
235	Розповсюдження шкідливих програм електронною поштою	Email malware distribution	незважаючи на те, що деякі сімейства зловмисних програм застаріли, вони все ще використовують вкладення електронної пошти як засіб розповсюдження зловмисного програмного забезпечення та зараження комп'ютерів користувачів. Цей тип зараження залежить від того, що користувач двічі клацає вкладений файл. Поточний метод, який використовує електронну пошту як механізм розповсюдження, полягає в вставці посилань на шкідливі веб-сайти.	
236	Розширені стійкі загрози	Advanced Persistent Threats (APT)	це навмисні, розглянуті атаки на вашу безпеку сторонніми особами, які мають намір проникнути у вашу систему та спробують будь-яку кількість різних атак, щоб увійти та викрасти дані. Якщо ви підозрюєте, що у вас діє APT, вам слід вжити запобіжних заходів, оскільки на відміну від більшості зловмисників вони витрачатимуть багато часу та зусиль, намагаючись зламати вас.	
237	Розширений стандарт шифрування	Advanced Encryption Standard (AES)	це алгоритм криптографії, заснований на симетричному юлочному шифрі, який зазвичай вважається одним із найкращих, які можна використати.	
238	Руткіт	Rootkit	це тип шкідливого програмного забезпечення (але не завжди), яке надає зловмисникам привілейований доступ до комп'ютера та активується перед завантаженням операційної системи. Руткіти створюються, щоб приховати існування інших програм або процесів від виявлення традиційними методами виявлення. Наприклад, зловмисне програмне забезпечення rootkit здатне приховати факт зламаного ПК. Отримавши права адміністратора на ураженому ПК (за допомогою експлойтів або соціальної інженерії), зловмисники можуть підтримувати інфекцію протягом тривалого часу, і, як відомо, їх важко видалити.	
239	Силовий вірус	Power virus	це тип комп'ютерного вірусу, який здатний виконувати певний код, який ініціює максимальне розсіювання потужності ЦП (тепло, що виділяється центральними процесорами). Як наслідок, охолоджуюча здатність комп'ютера буде погіршена, а вірус може призвести до перегріву системи. Одним із потенційних наслідків є постійне фізичне пошкодження апаратного забезпечення. Силові віруси використовуються як хорошими акторами для тестування компонентів, але також можуть використовуватися кіберзлочинцями.	
240	Синя команда	Blue Team	це команда тестування безпеки, яка зосереджується на аналізі систем і розробці нових або покращених механізмів безпеки для захисту систем від атак.	
241	Система виявлення вторгнень	Intrusion Detection Systems (IDS)	це система керування безпекою, створена для активного захисту комп'ютера та мереж. Він працює шляхом аналізу інформації з різних областей комп'ютера/мережі для виявлення потенційних порушень безпеки. Ці порушення можуть бути спричинені як вторгненнями (зовнішні атаки), так і неправильним використанням (інсайдерські атаки).	
242	Система запобігання вторгнень	Host Intrusion Prevention System (HIPS)	це система, яка працює на комп'ютерах (зазвичай серверах) для виявлення та блокування спроб вторгнення, які якимось чином пройшли через брандмауер.	
243	Системний адміністратор	System Administrator	це особа, яка відповідає за всі технічні аспекти інформаційної системи. Це включає аспекти, пов'язані з конфігурацією, обслуговуванням, забезпеченням надійності та необхідних ресурсів для роботи системи з оптимальними параметрами з дотриманням бюджету тощо.	
244	Сканування портів	Port scanning	це простий тест, у якому комп'ютер із програмним забезпеченням намагається встановити всі можливі типи з'єднань від машини, на якій він працює, до однієї чи кількох інших (цільових) машин. Використовується хакерами як перший крок у виявленні потенційних вразливостей у системі.	
245	Сканування HTTPS	HTTPS scanning	дозволяє зловмисникам розшифровувати, аналізувати та повторно шифрувати вміст між веб-сайтами, які використовують SSL (Secure Sockets Layer) для безпеки, і браузером користувача. Цей тип атаки зазвичай використовується для проникнення в обмін інформацією та викрадення конфіденційних даних. Є іншою назвою атаки Main-in-the-middle.	
246	Скімінг	Skimming	відбувається, коли зловмисник несанкціоновано використовує зчитувач тегів, щоб зібрати інформацію про тег людини. Жертва ніколи не знає і не погоджується на те, щоб її зняли. Наприклад, скімінг картки є незаконною практикою, яка полягає в незаконному зборі даних із магнітної смуги картки. Потім ця інформація може бути скопійована на чисту магнітну смугу картки та використана зловмисниками для здійснення покупок і зняття готівки від імені жертви.	
247	Сніфер пакетів	Packet Sniffer	це тип програмного забезпечення, призначеного для моніторингу та запису трафіку в мережі. Його можна використовувати на користь, для проведення діагностичних тестів і усунення потенційних проблем. Але його також можна використовувати для зловмисних цілей, щоб стежити за вашими особистими даними. Це включає: вашу історію веб-перегляду, ваші завантаження, людей, яким ви надсилаєте електронні листи тощо.	
248	Соціальна інженерія	Social engineering	це форма психологічної маніпуляції, яка використовується для того, щоб переконати людей виконати певні дії або надати конфіденційну інформацію. Тактика маніпуляції включає брехню, психологічні трюки, хабарі, вимагання, видавання себе за іншу особу та інші види погроз. Соціальна інженерія часто використовується для отримання даних і отримання несанкціонованого доступу до інформаційних систем, як окремих приватних користувачів, так і організацій.	
249	Спам	Spam	складається з небажаних електронних листів або інших типів повідомлень, надісланих через Інтернет. Спам часто використовується для розповсюдження зловмисного програмного забезпечення та фішингу, тому ніколи не відкривайте, не відповідайте та не завантажуйте вкладення зі спам повідомлень. Спам-камера надходить на ваш шлях у вигляді електронних листів, миттєвих повідомлень, коментарів тощо.	
250	Спеціаліст-криміналіст	Forensic Specialist	це професіонал, який ідентифікує та аналізує онлайн-трафік і передачу даних, щоб дійти висновку на основі виявленої інформації.	
251	Спеціальна мережа	Ad Hoc Network	це мережа, яка часто базується на технології бездротової локальної мережі, у якій власники пристроїв у мережі налаштовують власні пристрої для зв'язку один з одним. Немає централізованого контролю над тим, хто може бути його частиною, і тому його важко забезпечити. Слід уникати спеціальних мереж в організаційних мережах, і ви повинні використовувати будь-які інструменти, які є у вашому розпорядженні, щоб спробувати запобігти підключенню пристроїв, які знаходяться в тимчасовій мережі, до ваших корпоративних систем.	
252	Список блокувань	Block List	це список або база даних користувачів, систем, компаній тощо, яким заборонено доступ до системи (наприклад, сервер електронної пошти відхиляв би вхідну електронну пошту з будь-якого домену, який був у списку блокування організації).	
253	Список контролю доступу	Access Control List (ACL)	це параметр у мережевому пристрої, який визначає, куди дозволено передавати трафік.	
254	Список відкликаних сертифікатів	Certificate Revocation List (CRL)	це список цифрових сертифікатів, які були анульовані відповідним центром сертифікації. Для вашого програмного забезпечення особливо важливо перевіряти CRL, оскільки він саме для того, щоб повідомити вам, що сертифікат більше не прийнятний — можливо, його хост було зламано, а закритий ключ викрадено, наприклад.	
255	Сплячий код	Dormant code	сучасні передові шкідливі програми часто мають модульну структуру, що включає кілька компонентів, одним із яких є неактивний код, який означає, що шкідливому програмному забезпеченню потрібні певні тригери для виконання завдання, для якого було створено. Цей тип поведінки закодований у зловмисному програмному забезпеченні, щоб воно могло обійти виявлення на основі сигнатур у таких продуктах, як традиційні антивірусні рішення та рішення для захисту від зловмисного програмного забезпечення. Існує ще одна причина для використання неактивного коду: оскільки передові шкідливі програми, такі як програми-вимагачі або фінансові шкідливі програми, зазвичай покладаються на зовнішню інфраструктуру для завантаження компонентів для зараження, шкідливі програми можуть залишатися неактивними та непоміченими, якщо вони не можуть отримати доступ до своїх серверів керування.	
256	Спливаюче оголошення	Pop-up ad	це вікна, які використовуються в рекламі. Вони з'являються у верхній частині вікна вебпереглядача, коли ви перебуваєте на веб-сайті, і часто дратують, оскільки є нав'язливими. Хоча вони не є зловмисними за своєю природою, іноді вони можуть заразитися зловмисним програмним забезпеченням, якщо кіберзловмисник скомпрометує рекламні мережі, які обслуговують спливаюче вікно.	
257	Спуфінг	Spoofing	це спроба компромісу, під час якої неавторизована особа намагається отримати доступ до інформаційної системи, видаючи себе за авторизованого користувача. Наприклад, підробка електронної пошти — це коли зловмисники надсилають фішингові електронні листи, використовуючи підроблену адресу відправника. Ви можете подумати, що отримуєте електронний лист від довіреної організації, що змушує вас натискати посилання в електронному листі, але це посилання може призвести до зараження вашого комп'ютера шкідливим програмним забезпеченням.	
258	Стійкість	Resilience	це здатність організації або системи відновлювати свою здатність функціонувати та досягати своїх цілей під час і після кібератаки чи інших трансформацій. Стійкість передбачає створення планів на випадок надзвичайних ситуацій, постійне управління ризиками та планування для кожного кризового сценарію.	
259	Стандарт шифрування даних	Data Encryption Standard (DES)	це алгоритм симетричного шифрування, розроблений у 1970-х роках.	
260	Стійкість інформаційної системи	Information System Resilience	це система, яка може продовжувати працювати навіть під час атаки, навіть якщо вона погіршується або ослаблюється. Крім того, вона повинна мати можливість швидко відновлюватися після успішної атаки та відновлювати оперативні можливості, принаймні для основних функцій.	
261	Сценарій загрози	Threat scenario	черпає інформацію з усіх доступних ресурсів і зосереджується на трьох ключових елементах: уразливості, загрозі та впливі. Це допомагає зв'язати конкретні кіберзагрози з одним або кількома джерелами загроз і встановити пріоритети.	
262	Темна мережа	Dark Web	стосується веб-сайтів і онлайн-контенту, які існують поза досяжністю традиційних пошукових систем і браузерів. Цей вміст прихований методами шифрування (у більшості випадків ці сайти використовують інструмент шифрування Tor, щоб приховати свою особу та місцезнаходження), і доступ до нього можливий лише за допомогою спеціального програмного забезпечення, налаштувань конфігурації або очікування схвалення від їхніх адміністраторів. Темна мережа відома тим, що є осередком незаконної діяльності (торгівлі наркотиками та злочинними операціями, злому темних капелюхів тощо).	
263	Теплий сайт	Warm Site	це «приміщення», яке не є повноцінною резервною копією основного сайту, але яке обладнано таким чином, щоб його можна було ввести в експлуатацію протягом розумного часу після інциденту (наприклад, пожежі або повені), який повністю або частково вплинув на первинний сайт, що не працює.	
264	Тестування внутрішньої безпеки	Internal Security Testing	це тип тестування, який проводиться зсередини організації, щоб перевірити стійкість і міцність периметра безпеки та захисту компанії.	
265	Тестування чорного ящика	Black Box Testing	це тестування безпеки системи, де тестувальник не має інформації пор дизайн системи, впровадження або механізми безпеки.	
266	Тестування на проникнення	Penetration Testing	це тип атаки, яка запускає мережу або комп'ютерну систему з метою виявлення вразливостей безпеки, які можуть бути використані для отримання несанкціонованого доступу до функцій і даних мережі/системи. Тестування на проникнення використовується, щоб допомогти компаніям краще захистити себе від кібератак.	
267	Токен	Token	це фізичний електронний пристрій, який використовується для підтвердження особи користувача. Токени зазвичай є частиною механізмів двофакторної або багатофакторної автентифікації. У деяких випадках токени також можуть замінити паролі, і їх можна знайти у формі брелока, USB, ідентифікаційної картки чи смарт-картки.	
268	Точка доступу	Access Point (AP)	це об'єкт, до якого кожен пристрій у бездротовій мережі підключається безпосередньо. Деякі точки доступу є автономними та виконують всю роботу по взаємодії з клієнтськими пристроями (їх часто називають «жирними точками доступу»), тоді як інші («тонкі точки доступу») — це не більше ніж радіостанції, які направляють трафік назад до центральної точки керування. Тонкі точки доступу кращі з точки зору безпеки, оскільки все контролюється централізовано, що спрощує керування та, отже, менш схильне до помилок.	
269	Троян віддаленого доступу	Remote access Trojan (RAT)	використовують права доступу жертви та заражають комп'ютери, щоб надати зловмисникам необмежений доступ до даних на ПК. Кіберзлочинці можуть використовувати RAT для вилучення конфіденційної інформації. RATs включають бекдори в комп'ютерну систему та можуть залучати ПК до ботнету, а також поширюватися на інші пристрої. Сучасні RAT можуть обходити надійну автентифікацію та отримувати доступ до конфіденційних програм, які згодом використовуються для передачі інформації на сервери та веб-сайти, контрольовані кіберзлочинцями.	
270	Троян (Троянський кінь)	Trojan (Trojan Horse)	це різновид зловмисного програмного забезпечення, яке діє згідно з грецькою легендою: воно маскується під законний файл або програму, щоб обманом змусити нічого не підозрюючих користувачів встановити його на свої комп'ютери. Зробивши це, користувачі несвідомо нададуть неавторизований віддалений доступ кібер-зловмисникам, які створили та запустили троян. Троянські програми можна використовувати для стеження за діяльністю користувача (перегляд вебсторінок, діяльність на комп'ютері тощо), для збору конфіденційних даних, видалення файлів, завантаження шкідливих програм на ПК тощо.	
271	Управління доступом	Access Control	це налаштування систем таким чином, щоб особи та інші системи, які мають до них доступ, могли виконувати лише ті функції, які їм мають бути дозволені, і не більше.	
272	Управління рахунками	Account Management	це додавання, зміна та видалення користувача в системах і програмах.	
273	Управління ризиками підприємства	Enterprise Risk Management	це методи та процеси, які організації використовують для виявлення та управління ризиками кібербезпеки, які можуть поставити під загрозу її корпоративну місію. У рамках цього плану організація також розробить план захисту своїх активів і план реагування, якщо ризик кібербезпеки стане реальністю.	
274	Фальсифікація	Tampering	це навмисна зміна способу роботи інформаційної системи з метою змусити її виконувати несанкціоновані дії.	
275	Фармінг	Pharming	це різновид онлайн-шахрайства, метою якого є отримання від жертви такої інформації, як паролі, імена користувачів тощо. Фармінг означає перенаправлення інтернет-трафіку з законного вебсайту на підроблений, щоб жертви могли розміщувати свою конфіденційну інформацію, а зловмисники могли її збирати. Цей тип атак зазвичай націлений на банківські сайти та веб-сайти електронної комерції. Виявлення ускладнює те, що навіть якщо жертва вводить правильну URL-адресу, переспрямування все одно переведе користувача на підроблений веб-сайт, яким керують ІТ-злочинці.	
276	Фізично ізольована мережа	Physically Isolated Network	це мережа, яка свідомо і повністю ізольована від усіх інших, щоб повністю виключити ризик вторгнення через мережу.	
277	Фільтр пакетів	Packet Filter	це механізм, як правило, у межах маршрутизатора чи брандмауера, який дозволяє лише певні типи трафіку до та з певних адрес.	
278	Фінансове шкідливе програмне забезпечення	Financial malware	це категорія спеціалізованого зловмисного програмного забезпечення, призначеного для збору фінансової інформації та її використання для вилучення грошей з рахунків жертв. Оскільки це досить новий тип шкідливого програмного забезпечення, воно також є дуже складним і може легко обійти традиційні заходи безпеки, такі як антивірус. Фінансове зловмисне програмне забезпечення здатне зберігатися в ураженій системі протягом тривалого часу, поки воно не збере інформацію, пов'язану з фінансовими операціями, і не почне витікати гроші з цільового рахунку. Банківське шахрайство, як кіберзлочин, є однією з найсерйозніших кіберзагроз у поточному ландшафті ризиків.	
279	Фішинг	Phishing	це зловмисна техніка, яка використовується кіберзлочинцями для збору конфіденційної інформації (дані кредитної картки, імена користувачів і паролі тощо) від користувачів. Зловмисники видають себе за надійну особу, щоб змусити жертв довіритися їм і розкрити їхні конфіденційні дані. Дані, зібрані за допомогою фішингу, можуть бути використані для фінансової крадіжки, викрадення особистих даних, для отримання несанкціонованого доступу до облікових записів жертви або до облікових записів, до яких вона має доступ, для шантажу жертви тощо.	
280	Хакер	Hacker	це особа, якій вдається отримати несанкціонований доступ до комп'ютерної системи з метою завдати шкоди. Але майте на увазі, що існує два типи хакерів: хакери з білим капелюхом, які проводять тестування на проникнення та розкривають його результати, щоб допомогти створити безпечніші системи та програмне забезпечення, і хакери з чорною капелюхом, які використовують свої навички для зловмисних цілей.	
281	Хактивізм	Hacktivism	це діяльність із використанням хакерських методів для протесту проти політичних і соціальних цілей або боротьби за них. Однією з найвідоміших хактивістських груп у світі є Anonymous.	
282	Хеш-функція	Hash Function	це функція, яка приймає рядок чистого тексту і перетворює його на загадковий рядок фіксованої довжини. Сенс хеш-функції полягає у тому, що вона одностороння; тобто фактично неможливо взяти хешовану версію та перетворити її назад у версію чистого тексту.	
283	Хибно позитивний	False positive	виявляється, коли рішення безпеки виявляє потенційну кіберзагрозу, яка насправді є нешкідливим програмним забезпеченням або безпечною поведінкою програмного забезпечення. Наприклад, ваш антивірус може повідомити вам, що на вашому ПК є загроза зловмисного програмного забезпечення, але може статися, що програма, яку він блокує, безпечна.	
284	Цілеспрямована загроза	Targeted Threat	цільові загрози виділяються через їх спрямованість: зазвичай вони спрямовані на певну організацію чи галузь. Ці загрози також призначені для отримання конфіденційної інформації від цілі, тому кіберзлочинцям потрібно багато часу, щоб підготувати ці загрози. Вони ретельно задокументовані, тому шанси на успішний компроміс можуть бути якомога більшими. Цільові загрози надсилаються електронною поштою (фішинг, вішинг тощо), вони використовують Zero Days та інші вразливості для проникнення в інформаційну систему та багато іншого. Урядові та фінансові організації є найбільш частими цілями для цього типу кіберзагроз.	
285	Цілісність даних	Data Integrity	стосується властивості інформації, яка не була змінена чи модифікована неавторизованою особою. Термін використовується для позначення якості інформації в базі даних, сховищі даних або інших місцях онлайн.	
286	Цілісність системи	System Integrity	це стан, який визначає інформаційну систему, яка здатна виконувати свої спеціальні функції за оптимальних параметрів, без втручання чи маніпуляцій (навмисних чи ні).	
287	Цитадель	Citadel	це різновид фінансового шкідливого програмного забезпечення, яке з'явилося в 2012 році після витоку вихідного коду сумнозвісного шкідливого програмного забезпечення ZeuS в Інтернет. Оскільки код був із відкритим вихідним кодом, кіберзлочинці почали вдосконалювати його, щоб отримувати нові, складніші та приховані типи зловмисного програмного забезпечення. Так само, як ZeuS/Zbot, Citadel прагне отримати від жертви конфіденційну інформацію, особливо банківську та фінансову. Окрім фінансового шахрайства, Citadel також може запускати різні типи зловмисного програмного забезпечення, наприклад програми-вимагачі чи програми-страхи, що робить її передовим набором інструментів для кіберзлочинців.	
288	Цифровий підпис	Digital Signature	це техніка, яка використовується для шифрування та підтвердження автентичності та цілісності повідомлення, програмного забезпечення чи цифрового документа. Цифровий підпис важко скопіювати хакеру, тому він важливий в інформаційній безпеці.	
289	Черв'як автозапуску	Autorun worm	це шкідливі програми, які використовують функцію автозапуску Windows для автоматичного запуску, коли пристрій, зазвичай USB-накопичувач, під'єднується до ПК. AutoPlay, подібна технологія нещодавно була використана для доставки сумнозвісного хробака Conficker. Корпорація Майкрософт вимкнула в нових системах параметр AutoRun, тому ця проблема має зникнути в майбутньому.	
290	Черв'як	Worm	це один із найпоширеніших типів шкідливих програм. Він схожий на вірус, але поширюється по-іншому: хробаки мають здатність поширюватися незалежно та автоматично розмножуватися, використовуючи вразливі місця операційної системи, тоді як віруси покладаються на людську діяльність для поширення. Зазвичай його «підхоплюють» через масові електронні листи, які містять заражені вкладення. Хробаки також можуть містити «корисне навантаження», яке пошкоджує хост-комп'ютери, зазвичай призначене для крадіжки даних, видалення файлів, надсилання документів електронною поштою або встановлення бекдорів.	
291	Чорний хакер	Blackhate hacker	це досвідчені користувачі комп'ютерів зі зловмисними намірами, які прагнуть скомпрометувати безпеку особи чи організації заради особистої вигоди. Хакери Blackhat часто спеціалізуються, наприклад, на розробці шкідливих програм, розсилці спаму, виявленні експлойтів, DDoS-атаках тощо. Не всі зловмисники використовують створене ними зловмисне програмне забезпечення або виявлені ними експлойти. Деякі просто знаходять їх і продають ноу-хау тому, хто запропонує найвищу ціну. Їхніми улюбленими цілями є фінансова інформація (наприклад, дані кредитної картки чи банківських рахунків), особиста інформація (наприклад, облікові записи електронної пошти та паролі), а також конфіденційні дані компанії (наприклад, бази даних співробітників/клієнтів).	
292	Чорний список	Blacklisting	внести в «чорний список» у сфері ІТ-безпеки означає організувати список відправників, які розвинули зловмисні дії, як-от фішинг або спам. У той же час чорний список може містити ряд додатків або програм, які не слід запускати в системі. Для рішення брандмауера чорний список відноситься до кількох IP-адрес, які були заблоковані та до яких система не може підключитися з міркувань безпеки.	
293	Шейлок	Shylock	це зловмисне банківське програмне забезпечення, створене для викрадення банківських облікових даних користувачів із шахрайською метою. Shylock базується на витоку коду ZeuS і діє подібно до Zeus GameOver (створеного на основі того ж шкідливого коду), оскільки він використовує алгоритм генерації домену (DGA), щоб приховати свій трафік і залишитися непоміченим традиційними антивірусними та антишкідливими рішеннями. Shylock доставляється в основному через завантаження на скомпрометовані веб-сайти, які постраждали від зловмисної реклами, а також через зловмисне впровадження JavaScript	
294	Шифрування	Encryption	це процес, який використовує криптографічні засоби для перетворення доступних даних або інформації на незрозумілий код, який неможливо прочитати чи зрозуміти звичайними засобами.	
295	Шифрування посилань	Link Encryption	це ситуація, коли все наскрізне з'єднання між кінцевою точкою приймача певним чином зашифровано.	
296	Шкідлива програма завантажувального сектора	Boot sector malware	це зловмисне програмне забезпечення завантажувального сектора, здатне відтворювати оригінальний завантажувальний сектор системи, тому під час наступного завантаження системи шкідливе програмне забезпечення може стати активним. Таким чином, будь-кому в завантажувальному секторі вдається приховати свою присутність до того, як операційна система зможе завантажитися. Це явна перевага для шкідливого програмного забезпечення, яке завантажується перед системою та рішенням для захисту від шкідливого програмного забезпечення. Оскільки він завантажується перед рішенням безпеки, він може навіть вимкнути його та зробити марним проти нього. Цей тип інфекції зазвичай важко вилікувати.	
297	Шкідлива реклама	Malvertising	також називається «зловмисною рекламою» і стосується того, як зловмисне програмне забезпечення розповсюджується через мережі онлайн-реклами. Цей тип техніки широко використовується для розповсюдження фінансового зловмисного програмного забезпечення, шкідливого програмного забезпечення для крадіжки даних, програм-вимагачів та інших кіберзагроз.	
298	Шкідливе програмне забезпечення	Malware	це скорочена версія «зловмисного програмного забезпечення», і вона працює як загальний термін, що стосується програмного забезпечення, яке визначається зловмисними намірами. Цей тип програмного забезпечення з лихими намірами може порушити нормальну роботу комп'ютера, збирати конфіденційну інформацію, отримувати несанкціонований доступ до комп'ютерних систем, відображати небажану рекламу тощо.	
299	Шкідливе програмне забезпечення мобільного телефону	Mobile phone malware	це тип зловмисного програмного забезпечення, який націлений на мобільні телефони, планшети та інші мобільні пристрої та спрямований на порушення їх нормальних функцій, спричинення пошкодження системи або витоку та/або втрати даних.	
300	Шкідливе програмне забезпечення як послуга	Malware-as-a-service	це тип зловмисного програмного забезпечення, який розробляється кіберзлочинцями, щоб вимагати невеликих знань або взагалі не мати досвіду злому, бути гнучким, поліморфним, пропонувати ширше охоплення та часто поставлятися з готовими кодами цілей. Зловмисне програмне забезпечення як послугу можна придбати або взяти напрокат у глибокій мережі та в спільнотах кіберзлочинців, а іноді навіть може включати технічну підтримку від розробників та їх команди, якою вони керують як бізнесом. Основна мета цього полягає в тому, щоб отримати якомога більше грошей.	
301	Шкідливе програмне забезпечення Zero Day	Zero Day Virus/Malware	це комп'ютерний вірус, троянський кінь або інше зловмисне програмне забезпечення, раніше не відоме виробнику програмного забезпечення або виробникам традиційних антивірусів. Це означає, що вразливість також не розголошується публічно, хоча вона може бути відома та тихо використана кібер-зловмисниками. Оскільки це ще невідомо, це означає, що виправлення та сигнатури антивірусного програмного забезпечення ще не доступні для нього, і захист від атаки є слабким.	
302	Шкідливий аплет	Malicious Applet	це невелика програма, яка автоматично завантажується та виконується, оскільки вона здатна виконувати неавторизовану дію/функцію в інформаційній системі.	
303	Шкідливий код	Malicious Code	це тип програмного забезпечення, яке маскується під вигляд корисного та придатного для виконання завдання, але насправді отримує несанкціонований доступ до системних ресурсів або змушує користувача ввести в оману інші шкідливі дії.	
304	Шпигунський фішинг	Spy-phishing	це тип зловмисного програмного забезпечення, яке використовує тактики фішингового та шпигунського програмного забезпечення. Поєднуючи ці кіберзагрози, шпигунський фішинг здатний завантажувати програми, які можуть безшумно працювати в системі жертви. Коли жертви відкривають певну URL-адресу, зловмисне програмне забезпечення збирає дані, які жертва розміщує на цьому веб-сайті, і надсилає їх у зловмисне місце (наприклад, на веб-сервер). Ця техніка використовується для подовження тривалості фішингової атаки навіть після того, як фішинговий веб-сайт було видалено.	
305	Шпигунське програмне забезпечення	Spyware	це тип шкідливого програмного забезпечення, призначеного для збору та викрадення конфіденційної інформації жертви без відома жертви. Шпигунське програмне забезпечення відстежує та зберігає дії жертви в Інтернеті (натискання клавіш, історію браузера тощо), а також може збирати імена користувачів, паролі, фінансову інформацію тощо. Він також може надсилати ці конфіденційні дані на сервери, якими керують кіберзлочинці, тому їх можна використовувати в подальших кібер атаках.	
